snapshot_date,product_id,stock_on_hand,reorder_point
2025-01-01,2001,38,17
2025-01-01,2002,84,6
2025-01-01,2003,117,1
2025-01-01,2004,38,1
2025-01-01,2005,102,13
2025-01-01,2006,14,15
2025-01-01,2007,119,7
2025-01-01,2008,15,6
2025-01-01,2009,10,3
2025-01-01,2010,17,12
2025-01-01,2011,48,11
2025-01-01,2012,113,9
2025-01-01,2013,102,11
2025-01-01,2014,43,12
2025-01-01,2015,0,6
2025-01-01,2016,47,15
2025-01-01,2017,84,15
2025-01-01,2018,47,13
2025-01-01,2019,42,18
2025-01-01,2020,106,1
2025-01-01,2021,30,6
2025-01-01,2022,8,8
2025-01-01,2023,62,13
2025-01-01,2024,57,9
2025-01-01,2025,111,17
2025-01-01,2026,96,1
2025-01-01,2027,83,3
2025-01-01,2028,33,3
2025-01-01,2029,118,5
2025-01-01,2030,57,3
2025-01-01,2031,49,4
2025-01-01,2032,74,12
2025-01-01,2033,34,18
2025-01-01,2034,115,10
2025-01-01,2035,74,1
2025-01-02,2001,53,14
2025-01-02,2002,117,7
2025-01-02,2003,97,7
2025-01-02,2004,119,19
2025-01-02,2005,86,14
2025-01-02,2006,47,12
2025-01-02,2007,118,16
2025-01-02,2008,109,13
2025-01-02,2009,0,0
2025-01-02,2010,34,14
2025-01-02,2011,68,4
2025-01-02,2012,3,13
2025-01-02,2013,83,6
2025-01-02,2014,21,14
2025-01-02,2015,74,13
2025-01-02,2016,5,9
2025-01-02,2017,38,9
2025-01-02,2018,109,4
2025-01-02,2019,53,0
2025-01-02,2020,50,7
2025-01-02,2021,50,16
2025-01-02,2022,50,15
2025-01-02,2023,35,7
2025-01-02,2024,24,3
2025-01-02,2025,76,6
2025-01-02,2026,64,8
2025-01-02,2027,91,3
2025-01-02,2028,109,8
2025-01-02,2029,29,2
2025-01-02,2030,46,4
2025-01-02,2031,64,10
2025-01-02,2032,114,4
2025-01-02,2033,62,16
2025-01-02,2034,50,16
2025-01-02,2035,36,19
2025-01-03,2001,90,8
2025-01-03,2002,117,5
2025-01-03,2003,52,12
2025-01-03,2004,89,10
2025-01-03,2005,118,0
2025-01-03,2006,48,5
2025-01-03,2007,34,15
2025-01-03,2008,12,11
2025-01-03,2009,10,1
2025-01-03,2010,93,18
2025-01-03,2011,103,12
2025-01-03,2012,45,14
2025-01-03,2013,48,14
2025-01-03,2014,116,9
2025-01-03,2015,32,11
2025-01-03,2016,40,4
2025-01-03,2017,85,14
2025-01-03,2018,98,18
2025-01-03,2019,38,6
2025-01-03,2020,38,1
2025-01-03,2021,33,11
2025-01-03,2022,68,3
2025-01-03,2023,62,6
2025-01-03,2024,47,2
2025-01-03,2025,84,1
2025-01-03,2026,112,8
2025-01-03,2027,60,19
2025-01-03,2028,39,11
2025-01-03,2029,102,13
2025-01-03,2030,27,15
2025-01-03,2031,96,9
2025-01-03,2032,74,6
2025-01-03,2033,81,18
2025-01-03,2034,13,16
2025-01-03,2035,86,18
2025-01-04,2001,53,12
2025-01-04,2002,118,2
2025-01-04,2003,33,8
2025-01-04,2004,30,6
2025-01-04,2005,77,4
2025-01-04,2006,51,14
2025-01-04,2007,19,0
2025-01-04,2008,51,6
2025-01-04,2009,61,4
2025-01-04,2010,56,3
2025-01-04,2011,10,18
2025-01-04,2012,101,19
2025-01-04,2013,26,17
2025-01-04,2014,36,19
2025-01-04,2015,46,19
2025-01-04,2016,69,3
2025-01-04,2017,48,14
2025-01-04,2018,17,5
2025-01-04,2019,119,19
2025-01-04,2020,21,18
2025-01-04,2021,75,8
2025-01-04,2022,103,14
2025-01-04,2023,96,1
2025-01-04,2024,25,2
2025-01-04,2025,29,18
2025-01-04,2026,9,13
2025-01-04,2027,18,10
2025-01-04,2028,84,5
2025-01-04,2029,50,13
2025-01-04,2030,57,7
2025-01-04,2031,1,17
2025-01-04,2032,85,3
2025-01-04,2033,91,2
2025-01-04,2034,65,3
2025-01-04,2035,81,10
2025-01-05,2001,72,7
2025-01-05,2002,116,7
2025-01-05,2003,4,12
2025-01-05,2004,6,4
2025-01-05,2005,44,19
2025-01-05,2006,47,13
2025-01-05,2007,100,18
2025-01-05,2008,3,10
2025-01-05,2009,33,12
2025-01-05,2010,15,8
2025-01-05,2011,79,6
2025-01-05,2012,15,12
2025-01-05,2013,4,14
2025-01-05,2014,38,17
2025-01-05,2015,19,1
2025-01-05,2016,39,9
2025-01-05,2017,63,9
2025-01-05,2018,74,7
2025-01-05,2019,15,15
2025-01-05,2020,60,16
2025-01-05,2021,37,17
2025-01-05,2022,112,11
2025-01-05,2023,14,6
2025-01-05,2024,109,3
2025-01-05,2025,112,10
2025-01-05,2026,69,9
2025-01-05,2027,28,14
2025-01-05,2028,92,5
2025-01-05,2029,111,11
2025-01-05,2030,50,15
2025-01-05,2031,109,5
2025-01-05,2032,72,0
2025-01-05,2033,89,7
2025-01-05,2034,6,13
2025-01-05,2035,95,7
2025-01-06,2001,106,8
2025-01-06,2002,50,6
2025-01-06,2003,101,17
2025-01-06,2004,100,18
2025-01-06,2005,42,4
2025-01-06,2006,93,8
2025-01-06,2007,90,7
2025-01-06,2008,42,5
2025-01-06,2009,78,5
2025-01-06,2010,25,10
2025-01-06,2011,92,14
2025-01-06,2012,43,8
2025-01-06,2013,41,14
2025-01-06,2014,80,15
2025-01-06,2015,57,7
2025-01-06,2016,62,16
2025-01-06,2017,106,10
2025-01-06,2018,101,1
2025-01-06,2019,64,19
2025-01-06,2020,101,4
2025-01-06,2021,118,8
2025-01-06,2022,68,17
2025-01-06,2023,23,18
2025-01-06,2024,14,14
2025-01-06,2025,72,13
2025-01-06,2026,100,16
2025-01-06,2027,78,19
2025-01-06,2028,56,16
2025-01-06,2029,55,8
2025-01-06,2030,108,12
2025-01-06,2031,36,13
2025-01-06,2032,29,6
2025-01-06,2033,56,4
2025-01-06,2034,11,2
2025-01-06,2035,40,9
2025-01-07,2001,64,13
2025-01-07,2002,64,9
2025-01-07,2003,42,19
2025-01-07,2004,97,1
2025-01-07,2005,62,10
2025-01-07,2006,71,2
2025-01-07,2007,40,15
2025-01-07,2008,79,9
2025-01-07,2009,5,19
2025-01-07,2010,55,19
2025-01-07,2011,115,10
2025-01-07,2012,7,19
2025-01-07,2013,95,0
2025-01-07,2014,5,7
2025-01-07,2015,61,13
2025-01-07,2016,2,1
2025-01-07,2017,21,0
2025-01-07,2018,106,5
2025-01-07,2019,103,6
2025-01-07,2020,5,17
2025-01-07,2021,43,7
2025-01-07,2022,23,18
2025-01-07,2023,27,4
2025-01-07,2024,82,8
2025-01-07,2025,24,11
2025-01-07,2026,46,12
2025-01-07,2027,119,12
2025-01-07,2028,52,4
2025-01-07,2029,62,1
2025-01-07,2030,114,7
2025-01-07,2031,77,5
2025-01-07,2032,24,6
2025-01-07,2033,45,5
2025-01-07,2034,79,3
2025-01-07,2035,38,15
2025-01-08,2001,35,6
2025-01-08,2002,84,1
2025-01-08,2003,54,7
2025-01-08,2004,41,1
2025-01-08,2005,69,3
2025-01-08,2006,20,0
2025-01-08,2007,37,11
2025-01-08,2008,90,13
2025-01-08,2009,78,17
2025-01-08,2010,16,8
2025-01-08,2011,46,17
2025-01-08,2012,55,17
2025-01-08,2013,68,15
2025-01-08,2014,8,2
2025-01-08,2015,107,13
2025-01-08,2016,0,8
2025-01-08,2017,72,19
2025-01-08,2018,76,7
2025-01-08,2019,10,13
2025-01-08,2020,47,10
2025-01-08,2021,50,9
2025-01-08,2022,25,7
2025-01-08,2023,10,7
2025-01-08,2024,24,19
2025-01-08,2025,105,16
2025-01-08,2026,118,10
2025-01-08,2027,107,9
2025-01-08,2028,51,16
2025-01-08,2029,2,6
2025-01-08,2030,90,2
2025-01-08,2031,112,7
2025-01-08,2032,94,18
2025-01-08,2033,13,4
2025-01-08,2034,114,12
2025-01-08,2035,49,10
2025-01-09,2001,54,11
2025-01-09,2002,39,11
2025-01-09,2003,64,17
2025-01-09,2004,33,11
2025-01-09,2005,82,6
2025-01-09,2006,6,0
2025-01-09,2007,17,7
2025-01-09,2008,88,9
2025-01-09,2009,92,0
2025-01-09,2010,78,14
2025-01-09,2011,27,3
2025-01-09,2012,105,7
2025-01-09,2013,95,13
2025-01-09,2014,76,16
2025-01-09,2015,38,5
2025-01-09,2016,8,19
2025-01-09,2017,83,7
2025-01-09,2018,13,19
2025-01-09,2019,34,12
2025-01-09,2020,20,8
2025-01-09,2021,52,8
2025-01-09,2022,53,10
2025-01-09,2023,5,11
2025-01-09,2024,90,3
2025-01-09,2025,3,16
2025-01-09,2026,102,5
2025-01-09,2027,59,19
2025-01-09,2028,28,7
2025-01-09,2029,70,7
2025-01-09,2030,104,0
2025-01-09,2031,95,2
2025-01-09,2032,81,18
2025-01-09,2033,106,15
2025-01-09,2034,17,5
2025-01-09,2035,88,1
2025-01-10,2001,3,4
2025-01-10,2002,116,13
2025-01-10,2003,64,13
2025-01-10,2004,20,12
2025-01-10,2005,117,15
2025-01-10,2006,99,5
2025-01-10,2007,72,0
2025-01-10,2008,85,16
2025-01-10,2009,59,3
2025-01-10,2010,5,15
2025-01-10,2011,38,4
2025-01-10,2012,8,18
2025-01-10,2013,96,7
2025-01-10,2014,115,3
2025-01-10,2015,118,16
2025-01-10,2016,64,1
2025-01-10,2017,84,13
2025-01-10,2018,25,1
2025-01-10,2019,96,12
2025-01-10,2020,95,7
2025-01-10,2021,61,8
2025-01-10,2022,55,19
2025-01-10,2023,20,1
2025-01-10,2024,48,5
2025-01-10,2025,34,19
2025-01-10,2026,112,5
2025-01-10,2027,39,13
2025-01-10,2028,73,19
2025-01-10,2029,105,14
2025-01-10,2030,39,10
2025-01-10,2031,111,2
2025-01-10,2032,14,12
2025-01-10,2033,94,10
2025-01-10,2034,109,6
2025-01-10,2035,18,14
2025-01-11,2001,101,19
2025-01-11,2002,85,6
2025-01-11,2003,55,13
2025-01-11,2004,117,3
2025-01-11,2005,8,6
2025-01-11,2006,24,14
2025-01-11,2007,98,4
2025-01-11,2008,48,0
2025-01-11,2009,96,15
2025-01-11,2010,86,13
2025-01-11,2011,74,13
2025-01-11,2012,39,18
2025-01-11,2013,33,9
2025-01-11,2014,100,14
2025-01-11,2015,0,1
2025-01-11,2016,114,16
2025-01-11,2017,46,17
2025-01-11,2018,84,7
2025-01-11,2019,28,13
2025-01-11,2020,71,7
2025-01-11,2021,114,12
2025-01-11,2022,63,4
2025-01-11,2023,73,6
2025-01-11,2024,8,13
2025-01-11,2025,101,9
2025-01-11,2026,32,10
2025-01-11,2027,39,5
2025-01-11,2028,16,3
2025-01-11,2029,69,14
2025-01-11,2030,73,16
2025-01-11,2031,105,4
2025-01-11,2032,82,6
2025-01-11,2033,23,18
2025-01-11,2034,41,18
2025-01-11,2035,61,10
2025-01-12,2001,66,10
2025-01-12,2002,37,5
2025-01-12,2003,110,2
2025-01-12,2004,21,10
2025-01-12,2005,71,7
2025-01-12,2006,86,15
2025-01-12,2007,34,7
2025-01-12,2008,71,12
2025-01-12,2009,32,9
2025-01-12,2010,4,4
2025-01-12,2011,16,13
2025-01-12,2012,101,13
2025-01-12,2013,107,19
2025-01-12,2014,21,0
2025-01-12,2015,4,17
2025-01-12,2016,62,13
2025-01-12,2017,6,14
2025-01-12,2018,8,14
2025-01-12,2019,58,15
2025-01-12,2020,104,6
2025-01-12,2021,70,16
2025-01-12,2022,42,5
2025-01-12,2023,109,14
2025-01-12,2024,52,7
2025-01-12,2025,119,3
2025-01-12,2026,0,5
2025-01-12,2027,30,0
2025-01-12,2028,116,4
2025-01-12,2029,18,4
2025-01-12,2030,117,4
2025-01-12,2031,48,11
2025-01-12,2032,70,14
2025-01-12,2033,114,12
2025-01-12,2034,75,18
2025-01-12,2035,76,5
2025-01-13,2001,32,5
2025-01-13,2002,12,12
2025-01-13,2003,76,19
2025-01-13,2004,99,4
2025-01-13,2005,44,8
2025-01-13,2006,80,2
2025-01-13,2007,58,19
2025-01-13,2008,17,14
2025-01-13,2009,86,0
2025-01-13,2010,40,5
2025-01-13,2011,17,0
2025-01-13,2012,117,6
2025-01-13,2013,73,5
2025-01-13,2014,70,5
2025-01-13,2015,7,1
2025-01-13,2016,72,8
2025-01-13,2017,6,8
2025-01-13,2018,80,2
2025-01-13,2019,111,15
2025-01-13,2020,1,10
2025-01-13,2021,30,15
2025-01-13,2022,46,0
2025-01-13,2023,84,16
2025-01-13,2024,98,18
2025-01-13,2025,51,6
2025-01-13,2026,53,10
2025-01-13,2027,61,17
2025-01-13,2028,56,13
2025-01-13,2029,79,5
2025-01-13,2030,65,10
2025-01-13,2031,106,9
2025-01-13,2032,3,16
2025-01-13,2033,73,8
2025-01-13,2034,61,12
2025-01-13,2035,42,9
2025-01-14,2001,23,4
2025-01-14,2002,98,3
2025-01-14,2003,98,9
2025-01-14,2004,119,12
2025-01-14,2005,100,12
2025-01-14,2006,58,0
2025-01-14,2007,62,10
2025-01-14,2008,89,2
2025-01-14,2009,48,18
2025-01-14,2010,76,15
2025-01-14,2011,49,19
2025-01-14,2012,22,18
2025-01-14,2013,29,5
2025-01-14,2014,118,6
2025-01-14,2015,110,4
2025-01-14,2016,47,5
2025-01-14,2017,34,11
2025-01-14,2018,67,2
2025-01-14,2019,111,15
2025-01-14,2020,118,18
2025-01-14,2021,78,8
2025-01-14,2022,51,1
2025-01-14,2023,5,13
2025-01-14,2024,104,9
2025-01-14,2025,25,17
2025-01-14,2026,110,3
2025-01-14,2027,100,5
2025-01-14,2028,24,14
2025-01-14,2029,51,1
2025-01-14,2030,15,4
2025-01-14,2031,93,3
2025-01-14,2032,27,0
2025-01-14,2033,71,9
2025-01-14,2034,78,1
2025-01-14,2035,18,11
2025-01-15,2001,29,9
2025-01-15,2002,43,19
2025-01-15,2003,88,8
2025-01-15,2004,103,1
2025-01-15,2005,84,6
2025-01-15,2006,67,18
2025-01-15,2007,7,12
2025-01-15,2008,57,2
2025-01-15,2009,68,19
2025-01-15,2010,7,1
2025-01-15,2011,23,9
2025-01-15,2012,53,15
2025-01-15,2013,3,13
2025-01-15,2014,93,2
2025-01-15,2015,105,12
2025-01-15,2016,36,16
2025-01-15,2017,112,10
2025-01-15,2018,57,18
2025-01-15,2019,17,16
2025-01-15,2020,10,14
2025-01-15,2021,71,11
2025-01-15,2022,92,16
2025-01-15,2023,89,4
2025-01-15,2024,60,3
2025-01-15,2025,55,10
2025-01-15,2026,93,7
2025-01-15,2027,47,15
2025-01-15,2028,34,11
2025-01-15,2029,119,12
2025-01-15,2030,32,3
2025-01-15,2031,20,5
2025-01-15,2032,4,4
2025-01-15,2033,20,9
2025-01-15,2034,82,17
2025-01-15,2035,57,1
2025-01-16,2001,111,14
2025-01-16,2002,23,4
2025-01-16,2003,52,8
2025-01-16,2004,54,4
2025-01-16,2005,68,8
2025-01-16,2006,104,1
2025-01-16,2007,6,0
2025-01-16,2008,51,1
2025-01-16,2009,25,11
2025-01-16,2010,69,19
2025-01-16,2011,18,15
2025-01-16,2012,3,17
2025-01-16,2013,4,17
2025-01-16,2014,69,13
2025-01-16,2015,51,16
2025-01-16,2016,17,9
2025-01-16,2017,22,18
2025-01-16,2018,81,3
2025-01-16,2019,51,14
2025-01-16,2020,69,5
2025-01-16,2021,98,8
2025-01-16,2022,42,4
2025-01-16,2023,62,13
2025-01-16,2024,65,18
2025-01-16,2025,103,12
2025-01-16,2026,50,4
2025-01-16,2027,46,3
2025-01-16,2028,35,17
2025-01-16,2029,55,18
2025-01-16,2030,19,8
2025-01-16,2031,110,11
2025-01-16,2032,67,2
2025-01-16,2033,100,16
2025-01-16,2034,100,3
2025-01-16,2035,116,6
2025-01-17,2001,6,6
2025-01-17,2002,48,14
2025-01-17,2003,6,14
2025-01-17,2004,115,3
2025-01-17,2005,97,12
2025-01-17,2006,107,9
2025-01-17,2007,18,14
2025-01-17,2008,112,5
2025-01-17,2009,26,4
2025-01-17,2010,116,12
2025-01-17,2011,61,13
2025-01-17,2012,60,13
2025-01-17,2013,93,14
2025-01-17,2014,47,9
2025-01-17,2015,31,0
2025-01-17,2016,23,10
2025-01-17,2017,6,16
2025-01-17,2018,93,3
2025-01-17,2019,60,6
2025-01-17,2020,34,19
2025-01-17,2021,77,17
2025-01-17,2022,49,0
2025-01-17,2023,101,8
2025-01-17,2024,24,1
2025-01-17,2025,7,19
2025-01-17,2026,29,3
2025-01-17,2027,20,9
2025-01-17,2028,86,0
2025-01-17,2029,74,8
2025-01-17,2030,82,10
2025-01-17,2031,3,4
2025-01-17,2032,52,16
2025-01-17,2033,113,4
2025-01-17,2034,17,16
2025-01-17,2035,57,2
2025-01-18,2001,106,16
2025-01-18,2002,71,7
2025-01-18,2003,86,1
2025-01-18,2004,102,19
2025-01-18,2005,23,5
2025-01-18,2006,19,17
2025-01-18,2007,38,17
2025-01-18,2008,90,11
2025-01-18,2009,38,6
2025-01-18,2010,32,9
2025-01-18,2011,9,11
2025-01-18,2012,66,2
2025-01-18,2013,76,12
2025-01-18,2014,30,5
2025-01-18,2015,26,2
2025-01-18,2016,110,8
2025-01-18,2017,116,5
2025-01-18,2018,5,7
2025-01-18,2019,25,10
2025-01-18,2020,18,15
2025-01-18,2021,104,10
2025-01-18,2022,79,5
2025-01-18,2023,58,16
2025-01-18,2024,47,19
2025-01-18,2025,20,17
2025-01-18,2026,32,17
2025-01-18,2027,39,9
2025-01-18,2028,33,8
2025-01-18,2029,119,3
2025-01-18,2030,74,9
2025-01-18,2031,109,6
2025-01-18,2032,114,5
2025-01-18,2033,15,18
2025-01-18,2034,89,18
2025-01-18,2035,31,12
2025-01-19,2001,75,14
2025-01-19,2002,7,3
2025-01-19,2003,115,7
2025-01-19,2004,86,15
2025-01-19,2005,47,1
2025-01-19,2006,85,16
2025-01-19,2007,86,4
2025-01-19,2008,100,11
2025-01-19,2009,70,4
2025-01-19,2010,89,3
2025-01-19,2011,112,5
2025-01-19,2012,45,8
2025-01-19,2013,99,10
2025-01-19,2014,83,15
2025-01-19,2015,62,15
2025-01-19,2016,111,5
2025-01-19,2017,14,2
2025-01-19,2018,8,0
2025-01-19,2019,74,5
2025-01-19,2020,55,4
2025-01-19,2021,56,17
2025-01-19,2022,84,11
2025-01-19,2023,6,1
2025-01-19,2024,102,8
2025-01-19,2025,23,19
2025-01-19,2026,103,8
2025-01-19,2027,105,11
2025-01-19,2028,1,9
2025-01-19,2029,98,0
2025-01-19,2030,16,0
2025-01-19,2031,100,13
2025-01-19,2032,69,8
2025-01-19,2033,53,13
2025-01-19,2034,99,0
2025-01-19,2035,101,6
2025-01-20,2001,52,5
2025-01-20,2002,89,0
2025-01-20,2003,71,11
2025-01-20,2004,106,1
2025-01-20,2005,33,1
2025-01-20,2006,7,6
2025-01-20,2007,47,8
2025-01-20,2008,79,1
2025-01-20,2009,34,1
2025-01-20,2010,21,18
2025-01-20,2011,63,16
2025-01-20,2012,51,11
2025-01-20,2013,10,19
2025-01-20,2014,53,18
2025-01-20,2015,69,9
2025-01-20,2016,13,0
2025-01-20,2017,110,5
2025-01-20,2018,76,13
2025-01-20,2019,108,15
2025-01-20,2020,64,13
2025-01-20,2021,108,9
2025-01-20,2022,73,3
2025-01-20,2023,77,11
2025-01-20,2024,53,5
2025-01-20,2025,46,4
2025-01-20,2026,73,8
2025-01-20,2027,26,9
2025-01-20,2028,119,11
2025-01-20,2029,85,3
2025-01-20,2030,28,3
2025-01-20,2031,108,13
2025-01-20,2032,11,12
2025-01-20,2033,19,12
2025-01-20,2034,22,1
2025-01-20,2035,20,18
2025-01-21,2001,8,9
2025-01-21,2002,112,9
2025-01-21,2003,51,12
2025-01-21,2004,51,0
2025-01-21,2005,1,16
2025-01-21,2006,95,12
2025-01-21,2007,16,12
2025-01-21,2008,16,18
2025-01-21,2009,58,13
2025-01-21,2010,115,9
2025-01-21,2011,97,13
2025-01-21,2012,80,4
2025-01-21,2013,85,17
2025-01-21,2014,34,15
2025-01-21,2015,57,18
2025-01-21,2016,17,19
2025-01-21,2017,29,4
2025-01-21,2018,39,5
2025-01-21,2019,78,2
2025-01-21,2020,25,8
2025-01-21,2021,90,10
2025-01-21,2022,115,13
2025-01-21,2023,86,8
2025-01-21,2024,105,14
2025-01-21,2025,17,18
2025-01-21,2026,102,18
2025-01-21,2027,68,17
2025-01-21,2028,32,11
2025-01-21,2029,37,12
2025-01-21,2030,48,8
2025-01-21,2031,89,0
2025-01-21,2032,11,0
2025-01-21,2033,67,6
2025-01-21,2034,115,4
2025-01-21,2035,118,19
2025-01-22,2001,68,6
2025-01-22,2002,31,16
2025-01-22,2003,30,11
2025-01-22,2004,78,2
2025-01-22,2005,112,13
2025-01-22,2006,46,14
2025-01-22,2007,14,18
2025-01-22,2008,106,17
2025-01-22,2009,84,9
2025-01-22,2010,20,8
2025-01-22,2011,119,2
2025-01-22,2012,0,10
2025-01-22,2013,79,2
2025-01-22,2014,20,8
2025-01-22,2015,74,16
2025-01-22,2016,64,8
2025-01-22,2017,95,2
2025-01-22,2018,95,9
2025-01-22,2019,68,10
2025-01-22,2020,100,11
2025-01-22,2021,77,11
2025-01-22,2022,50,8
2025-01-22,2023,59,6
2025-01-22,2024,79,6
2025-01-22,2025,13,7
2025-01-22,2026,26,17
2025-01-22,2027,58,2
2025-01-22,2028,26,1
2025-01-22,2029,25,4
2025-01-22,2030,39,18
2025-01-22,2031,85,8
2025-01-22,2032,1,14
2025-01-22,2033,71,9
2025-01-22,2034,6,18
2025-01-22,2035,32,1
2025-01-23,2001,66,13
2025-01-23,2002,14,13
2025-01-23,2003,58,7
2025-01-23,2004,81,16
2025-01-23,2005,38,19
2025-01-23,2006,0,8
2025-01-23,2007,8,10
2025-01-23,2008,50,5
2025-01-23,2009,102,14
2025-01-23,2010,83,5
2025-01-23,2011,40,14
2025-01-23,2012,25,5
2025-01-23,2013,38,16
2025-01-23,2014,69,8
2025-01-23,2015,90,2
2025-01-23,2016,45,5
2025-01-23,2017,67,15
2025-01-23,2018,86,15
2025-01-23,2019,86,8
2025-01-23,2020,67,7
2025-01-23,2021,119,7
2025-01-23,2022,61,5
2025-01-23,2023,39,5
2025-01-23,2024,57,13
2025-01-23,2025,77,17
2025-01-23,2026,44,14
2025-01-23,2027,98,5
2025-01-23,2028,22,19
2025-01-23,2029,16,19
2025-01-23,2030,111,5
2025-01-23,2031,103,12
2025-01-23,2032,28,12
2025-01-23,2033,19,16
2025-01-23,2034,116,2
2025-01-23,2035,108,6
2025-01-24,2001,63,19
2025-01-24,2002,100,10
2025-01-24,2003,86,17
2025-01-24,2004,99,19
2025-01-24,2005,53,6
2025-01-24,2006,99,9
2025-01-24,2007,0,16
2025-01-24,2008,36,16
2025-01-24,2009,34,8
2025-01-24,2010,66,2
2025-01-24,2011,92,8
2025-01-24,2012,36,9
2025-01-24,2013,110,11
2025-01-24,2014,101,6
2025-01-24,2015,70,3
2025-01-24,2016,60,12
2025-01-24,2017,110,17
2025-01-24,2018,49,6
2025-01-24,2019,73,15
2025-01-24,2020,22,7
2025-01-24,2021,82,10
2025-01-24,2022,52,5
2025-01-24,2023,92,9
2025-01-24,2024,114,13
2025-01-24,2025,51,5
2025-01-24,2026,3,19
2025-01-24,2027,78,4
2025-01-24,2028,47,6
2025-01-24,2029,91,1
2025-01-24,2030,12,1
2025-01-24,2031,59,8
2025-01-24,2032,31,19
2025-01-24,2033,4,2
2025-01-24,2034,65,13
2025-01-24,2035,103,19
2025-01-25,2001,107,16
2025-01-25,2002,28,15
2025-01-25,2003,37,5
2025-01-25,2004,113,1
2025-01-25,2005,7,13
2025-01-25,2006,1,16
2025-01-25,2007,58,15
2025-01-25,2008,57,17
2025-01-25,2009,84,5
2025-01-25,2010,25,16
2025-01-25,2011,113,13
2025-01-25,2012,105,3
2025-01-25,2013,49,10
2025-01-25,2014,117,15
2025-01-25,2015,67,18
2025-01-25,2016,101,7
2025-01-25,2017,17,18
2025-01-25,2018,17,15
2025-01-25,2019,57,6
2025-01-25,2020,56,16
2025-01-25,2021,58,2
2025-01-25,2022,85,14
2025-01-25,2023,94,3
2025-01-25,2024,25,15
2025-01-25,2025,13,16
2025-01-25,2026,8,6
2025-01-25,2027,109,11
2025-01-25,2028,16,8
2025-01-25,2029,107,11
2025-01-25,2030,7,9
2025-01-25,2031,75,4
2025-01-25,2032,19,0
2025-01-25,2033,8,14
2025-01-25,2034,23,1
2025-01-25,2035,35,3
2025-01-26,2001,28,2
2025-01-26,2002,15,7
2025-01-26,2003,90,6
2025-01-26,2004,57,11
2025-01-26,2005,43,3
2025-01-26,2006,110,5
2025-01-26,2007,66,6
2025-01-26,2008,117,5
2025-01-26,2009,96,7
2025-01-26,2010,32,15
2025-01-26,2011,66,1
2025-01-26,2012,37,7
2025-01-26,2013,55,6
2025-01-26,2014,102,18
2025-01-26,2015,81,2
2025-01-26,2016,74,10
2025-01-26,2017,66,0
2025-01-26,2018,62,9
2025-01-26,2019,93,1
2025-01-26,2020,80,8
2025-01-26,2021,113,19
2025-01-26,2022,8,10
2025-01-26,2023,16,13
2025-01-26,2024,81,17
2025-01-26,2025,107,17
2025-01-26,2026,62,7
2025-01-26,2027,92,7
2025-01-26,2028,25,7
2025-01-26,2029,83,14
2025-01-26,2030,71,13
2025-01-26,2031,12,7
2025-01-26,2032,16,18
2025-01-26,2033,25,5
2025-01-26,2034,80,3
2025-01-26,2035,88,6
2025-01-27,2001,16,17
2025-01-27,2002,5,9
2025-01-27,2003,113,6
2025-01-27,2004,13,13
2025-01-27,2005,105,8
2025-01-27,2006,89,9
2025-01-27,2007,1,2
2025-01-27,2008,47,9
2025-01-27,2009,118,10
2025-01-27,2010,73,11
2025-01-27,2011,13,8
2025-01-27,2012,59,12
2025-01-27,2013,29,5
2025-01-27,2014,74,0
2025-01-27,2015,90,14
2025-01-27,2016,38,10
2025-01-27,2017,48,4
2025-01-27,2018,72,15
2025-01-27,2019,106,16
2025-01-27,2020,5,14
2025-01-27,2021,66,8
2025-01-27,2022,43,18
2025-01-27,2023,17,15
2025-01-27,2024,103,18
2025-01-27,2025,68,11
2025-01-27,2026,69,11
2025-01-27,2027,57,14
2025-01-27,2028,105,16
2025-01-27,2029,38,6
2025-01-27,2030,62,10
2025-01-27,2031,33,1
2025-01-27,2032,77,17
2025-01-27,2033,47,10
2025-01-27,2034,72,6
2025-01-27,2035,3,15
2025-01-28,2001,77,10
2025-01-28,2002,93,7
2025-01-28,2003,106,19
2025-01-28,2004,31,16
2025-01-28,2005,93,18
2025-01-28,2006,9,11
2025-01-28,2007,96,1
2025-01-28,2008,81,6
2025-01-28,2009,79,12
2025-01-28,2010,67,9
2025-01-28,2011,91,8
2025-01-28,2012,81,8
2025-01-28,2013,85,9
2025-01-28,2014,103,10
2025-01-28,2015,76,12
2025-01-28,2016,47,12
2025-01-28,2017,88,11
2025-01-28,2018,110,15
2025-01-28,2019,63,7
2025-01-28,2020,5,7
2025-01-28,2021,97,17
2025-01-28,2022,42,16
2025-01-28,2023,73,1
2025-01-28,2024,86,18
2025-01-28,2025,83,19
2025-01-28,2026,51,1
2025-01-28,2027,58,5
2025-01-28,2028,80,11
2025-01-28,2029,4,1
2025-01-28,2030,40,1
2025-01-28,2031,53,19
2025-01-28,2032,109,14
2025-01-28,2033,65,17
2025-01-28,2034,43,6
2025-01-28,2035,47,18
2025-01-29,2001,34,14
2025-01-29,2002,110,6
2025-01-29,2003,103,6
2025-01-29,2004,2,18
2025-01-29,2005,86,18
2025-01-29,2006,17,6
2025-01-29,2007,82,4
2025-01-29,2008,54,12
2025-01-29,2009,33,17
2025-01-29,2010,67,3
2025-01-29,2011,71,10
2025-01-29,2012,64,8
2025-01-29,2013,37,3
2025-01-29,2014,37,12
2025-01-29,2015,21,8
2025-01-29,2016,90,13
2025-01-29,2017,107,3
2025-01-29,2018,103,16
2025-01-29,2019,117,4
2025-01-29,2020,63,2
2025-01-29,2021,3,7
2025-01-29,2022,15,10
2025-01-29,2023,90,1
2025-01-29,2024,71,6
2025-01-29,2025,64,1
2025-01-29,2026,118,12
2025-01-29,2027,42,2
2025-01-29,2028,33,15
2025-01-29,2029,64,6
2025-01-29,2030,34,15
2025-01-29,2031,31,5
2025-01-29,2032,45,10
2025-01-29,2033,94,18
2025-01-29,2034,85,0
2025-01-29,2035,20,12
2025-01-30,2001,19,8
2025-01-30,2002,90,10
2025-01-30,2003,96,12
2025-01-30,2004,115,0
2025-01-30,2005,2,19
2025-01-30,2006,80,4
2025-01-30,2007,37,16
2025-01-30,2008,73,10
2025-01-30,2009,44,9
2025-01-30,2010,45,12
2025-01-30,2011,30,3
2025-01-30,2012,115,16
2025-01-30,2013,17,10
2025-01-30,2014,105,17
2025-01-30,2015,50,8
2025-01-30,2016,100,0
2025-01-30,2017,100,2
2025-01-30,2018,64,18
2025-01-30,2019,5,9
2025-01-30,2020,36,11
2025-01-30,2021,107,16
2025-01-30,2022,90,1
2025-01-30,2023,52,13
2025-01-30,2024,107,12
2025-01-30,2025,36,4
2025-01-30,2026,16,4
2025-01-30,2027,55,18
2025-01-30,2028,3,6
2025-01-30,2029,54,16
2025-01-30,2030,106,5
2025-01-30,2031,44,11
2025-01-30,2032,29,4
2025-01-30,2033,55,9
2025-01-30,2034,10,8
2025-01-30,2035,57,12
2025-01-31,2001,34,16
2025-01-31,2002,29,17
2025-01-31,2003,100,15
2025-01-31,2004,29,15
2025-01-31,2005,74,3
2025-01-31,2006,104,14
2025-01-31,2007,75,15
2025-01-31,2008,3,2
2025-01-31,2009,84,3
2025-01-31,2010,65,18
2025-01-31,2011,38,1
2025-01-31,2012,32,17
2025-01-31,2013,59,7
2025-01-31,2014,71,9
2025-01-31,2015,113,10
2025-01-31,2016,26,0
2025-01-31,2017,102,7
2025-01-31,2018,45,18
2025-01-31,2019,39,18
2025-01-31,2020,117,3
2025-01-31,2021,118,9
2025-01-31,2022,21,9
2025-01-31,2023,67,7
2025-01-31,2024,102,14
2025-01-31,2025,7,9
2025-01-31,2026,38,18
2025-01-31,2027,34,8
2025-01-31,2028,47,13
2025-01-31,2029,95,6
2025-01-31,2030,43,0
2025-01-31,2031,111,2
2025-01-31,2032,26,0
2025-01-31,2033,69,1
2025-01-31,2034,70,7
2025-01-31,2035,62,12
2025-02-01,2001,92,15
2025-02-01,2002,28,9
2025-02-01,2003,67,12
2025-02-01,2004,80,7
2025-02-01,2005,71,6
2025-02-01,2006,31,0
2025-02-01,2007,110,14
2025-02-01,2008,50,3
2025-02-01,2009,26,5
2025-02-01,2010,41,11
2025-02-01,2011,89,3
2025-02-01,2012,69,13
2025-02-01,2013,12,2
2025-02-01,2014,20,14
2025-02-01,2015,66,4
2025-02-01,2016,44,14
2025-02-01,2017,80,5
2025-02-01,2018,54,17
2025-02-01,2019,34,8
2025-02-01,2020,71,19
2025-02-01,2021,10,10
2025-02-01,2022,7,0
2025-02-01,2023,97,19
2025-02-01,2024,99,1
2025-02-01,2025,56,1
2025-02-01,2026,12,19
2025-02-01,2027,5,3
2025-02-01,2028,24,14
2025-02-01,2029,54,2
2025-02-01,2030,27,3
2025-02-01,2031,80,5
2025-02-01,2032,33,19
2025-02-01,2033,12,14
2025-02-01,2034,4,18
2025-02-01,2035,101,16
2025-02-02,2001,56,0
2025-02-02,2002,65,0
2025-02-02,2003,103,3
2025-02-02,2004,81,8
2025-02-02,2005,46,15
2025-02-02,2006,20,2
2025-02-02,2007,96,12
2025-02-02,2008,13,5
2025-02-02,2009,68,4
2025-02-02,2010,58,3
2025-02-02,2011,84,11
2025-02-02,2012,109,13
2025-02-02,2013,63,10
2025-02-02,2014,117,9
2025-02-02,2015,73,8
2025-02-02,2016,57,1
2025-02-02,2017,77,6
2025-02-02,2018,80,19
2025-02-02,2019,7,19
2025-02-02,2020,35,4
2025-02-02,2021,12,6
2025-02-02,2022,101,16
2025-02-02,2023,5,18
2025-02-02,2024,24,2
2025-02-02,2025,104,14
2025-02-02,2026,7,14
2025-02-02,2027,0,7
2025-02-02,2028,22,3
2025-02-02,2029,53,9
2025-02-02,2030,79,17
2025-02-02,2031,3,7
2025-02-02,2032,35,9
2025-02-02,2033,115,3
2025-02-02,2034,15,11
2025-02-02,2035,73,10
2025-02-03,2001,33,15
2025-02-03,2002,54,18
2025-02-03,2003,107,3
2025-02-03,2004,48,11
2025-02-03,2005,30,15
2025-02-03,2006,98,1
2025-02-03,2007,25,6
2025-02-03,2008,69,0
2025-02-03,2009,110,11
2025-02-03,2010,44,7
2025-02-03,2011,8,0
2025-02-03,2012,4,6
2025-02-03,2013,81,7
2025-02-03,2014,23,9
2025-02-03,2015,60,7
2025-02-03,2016,43,15
2025-02-03,2017,11,2
2025-02-03,2018,81,4
2025-02-03,2019,13,19
2025-02-03,2020,94,15
2025-02-03,2021,117,5
2025-02-03,2022,111,19
2025-02-03,2023,77,19
2025-02-03,2024,55,4
2025-02-03,2025,109,10
2025-02-03,2026,116,8
2025-02-03,2027,83,6
2025-02-03,2028,62,4
2025-02-03,2029,94,14
2025-02-03,2030,88,12
2025-02-03,2031,43,14
2025-02-03,2032,87,18
2025-02-03,2033,56,18
2025-02-03,2034,105,16
2025-02-03,2035,111,4
2025-02-04,2001,60,3
2025-02-04,2002,119,9
2025-02-04,2003,84,5
2025-02-04,2004,29,10
2025-02-04,2005,10,15
2025-02-04,2006,45,18
2025-02-04,2007,85,3
2025-02-04,2008,100,18
2025-02-04,2009,16,17
2025-02-04,2010,39,3
2025-02-04,2011,86,17
2025-02-04,2012,91,10
2025-02-04,2013,13,12
2025-02-04,2014,87,15
2025-02-04,2015,27,11
2025-02-04,2016,104,6
2025-02-04,2017,105,16
2025-02-04,2018,49,6
2025-02-04,2019,98,14
2025-02-04,2020,15,16
2025-02-04,2021,108,2
2025-02-04,2022,83,19
2025-02-04,2023,22,4
2025-02-04,2024,8,17
2025-02-04,2025,92,10
2025-02-04,2026,106,15
2025-02-04,2027,71,1
2025-02-04,2028,22,9
2025-02-04,2029,37,3
2025-02-04,2030,84,4
2025-02-04,2031,118,10
2025-02-04,2032,11,15
2025-02-04,2033,115,13
2025-02-04,2034,13,19
2025-02-04,2035,83,14
2025-02-05,2001,71,4
2025-02-05,2002,60,8
2025-02-05,2003,20,15
2025-02-05,2004,55,2
2025-02-05,2005,43,6
2025-02-05,2006,112,14
2025-02-05,2007,110,11
2025-02-05,2008,116,1
2025-02-05,2009,7,4
2025-02-05,2010,93,2
2025-02-05,2011,93,0
2025-02-05,2012,79,9
2025-02-05,2013,30,9
2025-02-05,2014,29,10
2025-02-05,2015,25,11
2025-02-05,2016,103,4
2025-02-05,2017,72,10
2025-02-05,2018,46,16
2025-02-05,2019,42,12
2025-02-05,2020,80,6
2025-02-05,2021,72,17
2025-02-05,2022,54,17
2025-02-05,2023,93,9
2025-02-05,2024,107,17
2025-02-05,2025,84,8
2025-02-05,2026,40,9
2025-02-05,2027,32,10
2025-02-05,2028,13,9
2025-02-05,2029,27,13
2025-02-05,2030,82,9
2025-02-05,2031,16,1
2025-02-05,2032,117,13
2025-02-05,2033,25,17
2025-02-05,2034,33,19
2025-02-05,2035,82,7
2025-02-06,2001,69,19
2025-02-06,2002,38,12
2025-02-06,2003,33,6
2025-02-06,2004,32,5
2025-02-06,2005,15,7
2025-02-06,2006,108,17
2025-02-06,2007,13,17
2025-02-06,2008,60,3
2025-02-06,2009,14,4
2025-02-06,2010,52,13
2025-02-06,2011,47,14
2025-02-06,2012,10,1
2025-02-06,2013,86,17
2025-02-06,2014,67,14
2025-02-06,2015,11,2
2025-02-06,2016,31,3
2025-02-06,2017,20,15
2025-02-06,2018,69,1
2025-02-06,2019,117,8
2025-02-06,2020,75,11
2025-02-06,2021,58,13
2025-02-06,2022,112,8
2025-02-06,2023,75,9
2025-02-06,2024,106,1
2025-02-06,2025,94,15
2025-02-06,2026,58,0
2025-02-06,2027,85,0
2025-02-06,2028,30,1
2025-02-06,2029,75,19
2025-02-06,2030,113,11
2025-02-06,2031,26,0
2025-02-06,2032,106,1
2025-02-06,2033,107,1
2025-02-06,2034,48,5
2025-02-06,2035,111,18
2025-02-07,2001,27,5
2025-02-07,2002,38,18
2025-02-07,2003,115,16
2025-02-07,2004,69,14
2025-02-07,2005,85,8
2025-02-07,2006,97,4
2025-02-07,2007,116,4
2025-02-07,2008,107,9
2025-02-07,2009,67,11
2025-02-07,2010,110,9
2025-02-07,2011,59,17
2025-02-07,2012,23,4
2025-02-07,2013,12,3
2025-02-07,2014,8,17
2025-02-07,2015,34,10
2025-02-07,2016,3,8
2025-02-07,2017,25,11
2025-02-07,2018,41,9
2025-02-07,2019,104,9
2025-02-07,2020,72,0
2025-02-07,2021,53,15
2025-02-07,2022,45,12
2025-02-07,2023,101,13
2025-02-07,2024,103,17
2025-02-07,2025,60,19
2025-02-07,2026,64,11
2025-02-07,2027,90,10
2025-02-07,2028,12,3
2025-02-07,2029,88,5
2025-02-07,2030,117,12
2025-02-07,2031,119,12
2025-02-07,2032,37,3
2025-02-07,2033,116,2
2025-02-07,2034,78,10
2025-02-07,2035,97,16
2025-02-08,2001,86,1
2025-02-08,2002,84,0
2025-02-08,2003,4,19
2025-02-08,2004,80,0
2025-02-08,2005,70,2
2025-02-08,2006,89,15
2025-02-08,2007,79,11
2025-02-08,2008,104,13
2025-02-08,2009,107,15
2025-02-08,2010,16,11
2025-02-08,2011,3,16
2025-02-08,2012,96,16
2025-02-08,2013,74,18
2025-02-08,2014,54,17
2025-02-08,2015,83,1
2025-02-08,2016,104,8
2025-02-08,2017,43,12
2025-02-08,2018,15,12
2025-02-08,2019,22,13
2025-02-08,2020,102,1
2025-02-08,2021,11,16
2025-02-08,2022,23,4
2025-02-08,2023,28,19
2025-02-08,2024,41,17
2025-02-08,2025,2,12
2025-02-08,2026,12,9
2025-02-08,2027,28,1
2025-02-08,2028,58,15
2025-02-08,2029,3,18
2025-02-08,2030,4,6
2025-02-08,2031,40,4
2025-02-08,2032,7,1
2025-02-08,2033,117,19
2025-02-08,2034,51,6
2025-02-08,2035,60,3
2025-02-09,2001,95,14
2025-02-09,2002,81,1
2025-02-09,2003,58,13
2025-02-09,2004,105,4
2025-02-09,2005,43,9
2025-02-09,2006,60,17
2025-02-09,2007,37,11
2025-02-09,2008,23,0
2025-02-09,2009,38,11
2025-02-09,2010,62,6
2025-02-09,2011,8,19
2025-02-09,2012,78,11
2025-02-09,2013,108,3
2025-02-09,2014,73,2
2025-02-09,2015,119,4
2025-02-09,2016,3,18
2025-02-09,2017,14,6
2025-02-09,2018,28,2
2025-02-09,2019,56,15
2025-02-09,2020,110,17
2025-02-09,2021,34,13
2025-02-09,2022,32,6
2025-02-09,2023,97,9
2025-02-09,2024,87,15
2025-02-09,2025,43,17
2025-02-09,2026,69,16
2025-02-09,2027,71,8
2025-02-09,2028,82,1
2025-02-09,2029,38,10
2025-02-09,2030,22,12
2025-02-09,2031,105,14
2025-02-09,2032,52,6
2025-02-09,2033,91,5
2025-02-09,2034,56,11
2025-02-09,2035,66,15
2025-02-10,2001,19,8
2025-02-10,2002,105,12
2025-02-10,2003,62,7
2025-02-10,2004,25,5
2025-02-10,2005,91,2
2025-02-10,2006,107,8
2025-02-10,2007,40,10
2025-02-10,2008,101,1
2025-02-10,2009,6,8
2025-02-10,2010,24,18
2025-02-10,2011,49,11
2025-02-10,2012,52,10
2025-02-10,2013,9,2
2025-02-10,2014,107,3
2025-02-10,2015,41,1
2025-02-10,2016,43,10
2025-02-10,2017,109,14
2025-02-10,2018,77,11
2025-02-10,2019,92,1
2025-02-10,2020,54,1
2025-02-10,2021,96,19
2025-02-10,2022,46,9
2025-02-10,2023,25,19
2025-02-10,2024,0,0
2025-02-10,2025,88,0
2025-02-10,2026,86,10
2025-02-10,2027,107,14
2025-02-10,2028,13,0
2025-02-10,2029,32,5
2025-02-10,2030,55,2
2025-02-10,2031,45,5
2025-02-10,2032,103,19
2025-02-10,2033,24,14
2025-02-10,2034,16,8
2025-02-10,2035,15,0
2025-02-11,2001,57,15
2025-02-11,2002,82,8
2025-02-11,2003,61,16
2025-02-11,2004,101,13
2025-02-11,2005,81,13
2025-02-11,2006,54,6
2025-02-11,2007,41,15
2025-02-11,2008,102,19
2025-02-11,2009,5,5
2025-02-11,2010,38,16
2025-02-11,2011,39,1
2025-02-11,2012,114,6
2025-02-11,2013,43,19
2025-02-11,2014,66,3
2025-02-11,2015,56,10
2025-02-11,2016,43,18
2025-02-11,2017,82,10
2025-02-11,2018,76,0
2025-02-11,2019,101,15
2025-02-11,2020,65,13
2025-02-11,2021,119,17
2025-02-11,2022,48,19
2025-02-11,2023,113,18
2025-02-11,2024,93,14
2025-02-11,2025,65,3
2025-02-11,2026,63,0
2025-02-11,2027,7,19
2025-02-11,2028,13,10
2025-02-11,2029,58,13
2025-02-11,2030,27,15
2025-02-11,2031,41,6
2025-02-11,2032,15,3
2025-02-11,2033,11,11
2025-02-11,2034,61,1
2025-02-11,2035,37,19
2025-02-12,2001,46,14
2025-02-12,2002,21,15
2025-02-12,2003,87,2
2025-02-12,2004,0,11
2025-02-12,2005,46,18
2025-02-12,2006,37,18
2025-02-12,2007,80,8
2025-02-12,2008,20,12
2025-02-12,2009,110,15
2025-02-12,2010,12,1
2025-02-12,2011,65,10
2025-02-12,2012,61,15
2025-02-12,2013,112,2
2025-02-12,2014,91,0
2025-02-12,2015,81,13
2025-02-12,2016,53,8
2025-02-12,2017,59,8
2025-02-12,2018,43,2
2025-02-12,2019,97,0
2025-02-12,2020,90,8
2025-02-12,2021,12,15
2025-02-12,2022,50,9
2025-02-12,2023,25,4
2025-02-12,2024,109,14
2025-02-12,2025,91,2
2025-02-12,2026,40,0
2025-02-12,2027,64,18
2025-02-12,2028,69,10
2025-02-12,2029,49,13
2025-02-12,2030,79,0
2025-02-12,2031,87,9
2025-02-12,2032,62,9
2025-02-12,2033,76,0
2025-02-12,2034,98,13
2025-02-12,2035,20,15
2025-02-13,2001,118,19
2025-02-13,2002,37,0
2025-02-13,2003,83,4
2025-02-13,2004,103,11
2025-02-13,2005,95,0
2025-02-13,2006,108,8
2025-02-13,2007,115,7
2025-02-13,2008,44,1
2025-02-13,2009,94,14
2025-02-13,2010,109,18
2025-02-13,2011,25,8
2025-02-13,2012,50,13
2025-02-13,2013,7,4
2025-02-13,2014,38,3
2025-02-13,2015,39,3
2025-02-13,2016,20,0
2025-02-13,2017,25,7
2025-02-13,2018,102,10
2025-02-13,2019,84,15
2025-02-13,2020,85,16
2025-02-13,2021,55,4
2025-02-13,2022,6,9
2025-02-13,2023,12,19
2025-02-13,2024,78,5
2025-02-13,2025,33,3
2025-02-13,2026,52,13
2025-02-13,2027,56,14
2025-02-13,2028,91,13
2025-02-13,2029,67,5
2025-02-13,2030,70,12
2025-02-13,2031,16,16
2025-02-13,2032,99,18
2025-02-13,2033,89,19
2025-02-13,2034,108,8
2025-02-13,2035,1,19
2025-02-14,2001,86,17
2025-02-14,2002,55,19
2025-02-14,2003,24,16
2025-02-14,2004,38,16
2025-02-14,2005,9,13
2025-02-14,2006,27,11
2025-02-14,2007,60,11
2025-02-14,2008,112,18
2025-02-14,2009,22,13
2025-02-14,2010,16,14
2025-02-14,2011,84,5
2025-02-14,2012,29,18
2025-02-14,2013,31,19
2025-02-14,2014,101,5
2025-02-14,2015,63,3
2025-02-14,2016,64,18
2025-02-14,2017,42,6
2025-02-14,2018,33,3
2025-02-14,2019,5,4
2025-02-14,2020,61,8
2025-02-14,2021,106,17
2025-02-14,2022,51,16
2025-02-14,2023,59,12
2025-02-14,2024,118,16
2025-02-14,2025,53,9
2025-02-14,2026,24,17
2025-02-14,2027,63,16
2025-02-14,2028,107,14
2025-02-14,2029,58,18
2025-02-14,2030,117,14
2025-02-14,2031,108,6
2025-02-14,2032,42,7
2025-02-14,2033,115,15
2025-02-14,2034,87,10
2025-02-14,2035,87,4
2025-02-15,2001,57,6
2025-02-15,2002,47,15
2025-02-15,2003,19,16
2025-02-15,2004,18,14
2025-02-15,2005,24,14
2025-02-15,2006,83,14
2025-02-15,2007,34,11
2025-02-15,2008,5,19
2025-02-15,2009,100,10
2025-02-15,2010,22,11
2025-02-15,2011,38,8
2025-02-15,2012,17,13
2025-02-15,2013,99,7
2025-02-15,2014,111,3
2025-02-15,2015,27,18
2025-02-15,2016,93,5
2025-02-15,2017,114,14
2025-02-15,2018,43,11
2025-02-15,2019,1,8
2025-02-15,2020,34,0
2025-02-15,2021,45,12
2025-02-15,2022,56,4
2025-02-15,2023,6,13
2025-02-15,2024,15,17
2025-02-15,2025,13,0
2025-02-15,2026,5,9
2025-02-15,2027,31,5
2025-02-15,2028,1,6
2025-02-15,2029,48,13
2025-02-15,2030,22,6
2025-02-15,2031,117,8
2025-02-15,2032,50,10
2025-02-15,2033,34,3
2025-02-15,2034,36,3
2025-02-15,2035,76,8
2025-02-16,2001,27,13
2025-02-16,2002,79,5
2025-02-16,2003,26,9
2025-02-16,2004,22,12
2025-02-16,2005,2,10
2025-02-16,2006,98,6
2025-02-16,2007,26,9
2025-02-16,2008,96,3
2025-02-16,2009,89,7
2025-02-16,2010,83,16
2025-02-16,2011,4,16
2025-02-16,2012,8,7
2025-02-16,2013,6,4
2025-02-16,2014,99,2
2025-02-16,2015,7,4
2025-02-16,2016,4,16
2025-02-16,2017,110,7
2025-02-16,2018,102,16
2025-02-16,2019,75,3
2025-02-16,2020,115,17
2025-02-16,2021,99,9
2025-02-16,2022,66,4
2025-02-16,2023,11,4
2025-02-16,2024,100,3
2025-02-16,2025,93,5
2025-02-16,2026,41,5
2025-02-16,2027,90,0
2025-02-16,2028,47,10
2025-02-16,2029,101,19
2025-02-16,2030,17,5
2025-02-16,2031,48,11
2025-02-16,2032,16,17
2025-02-16,2033,9,19
2025-02-16,2034,11,3
2025-02-16,2035,41,4
2025-02-17,2001,25,3
2025-02-17,2002,58,15
2025-02-17,2003,4,18
2025-02-17,2004,119,5
2025-02-17,2005,23,6
2025-02-17,2006,9,6
2025-02-17,2007,85,13
2025-02-17,2008,27,9
2025-02-17,2009,61,19
2025-02-17,2010,21,10
2025-02-17,2011,13,11
2025-02-17,2012,3,12
2025-02-17,2013,21,2
2025-02-17,2014,63,12
2025-02-17,2015,83,18
2025-02-17,2016,78,18
2025-02-17,2017,89,19
2025-02-17,2018,60,3
2025-02-17,2019,5,14
2025-02-17,2020,67,5
2025-02-17,2021,65,3
2025-02-17,2022,113,14
2025-02-17,2023,75,7
2025-02-17,2024,107,8
2025-02-17,2025,6,7
2025-02-17,2026,115,9
2025-02-17,2027,10,1
2025-02-17,2028,29,3
2025-02-17,2029,52,8
2025-02-17,2030,71,4
2025-02-17,2031,109,1
2025-02-17,2032,84,16
2025-02-17,2033,7,1
2025-02-17,2034,86,14
2025-02-17,2035,26,1
2025-02-18,2001,27,10
2025-02-18,2002,45,9
2025-02-18,2003,31,6
2025-02-18,2004,21,13
2025-02-18,2005,76,1
2025-02-18,2006,9,0
2025-02-18,2007,64,2
2025-02-18,2008,94,10
2025-02-18,2009,114,8
2025-02-18,2010,12,3
2025-02-18,2011,115,5
2025-02-18,2012,33,8
2025-02-18,2013,17,3
2025-02-18,2014,89,0
2025-02-18,2015,32,19
2025-02-18,2016,16,18
2025-02-18,2017,2,16
2025-02-18,2018,34,3
2025-02-18,2019,58,12
2025-02-18,2020,61,14
2025-02-18,2021,75,2
2025-02-18,2022,20,7
2025-02-18,2023,64,17
2025-02-18,2024,12,6
2025-02-18,2025,76,16
2025-02-18,2026,108,12
2025-02-18,2027,61,10
2025-02-18,2028,13,9
2025-02-18,2029,71,5
2025-02-18,2030,82,18
2025-02-18,2031,11,6
2025-02-18,2032,113,19
2025-02-18,2033,81,2
2025-02-18,2034,8,5
2025-02-18,2035,0,9
2025-02-19,2001,103,16
2025-02-19,2002,98,2
2025-02-19,2003,29,2
2025-02-19,2004,62,6
2025-02-19,2005,21,10
2025-02-19,2006,27,17
2025-02-19,2007,31,4
2025-02-19,2008,53,1
2025-02-19,2009,30,13
2025-02-19,2010,96,3
2025-02-19,2011,13,14
2025-02-19,2012,59,19
2025-02-19,2013,19,16
2025-02-19,2014,98,3
2025-02-19,2015,17,0
2025-02-19,2016,63,4
2025-02-19,2017,17,12
2025-02-19,2018,109,19
2025-02-19,2019,34,5
2025-02-19,2020,90,10
2025-02-19,2021,8,19
2025-02-19,2022,27,18
2025-02-19,2023,102,9
2025-02-19,2024,6,4
2025-02-19,2025,88,3
2025-02-19,2026,16,4
2025-02-19,2027,80,16
2025-02-19,2028,80,0
2025-02-19,2029,55,1
2025-02-19,2030,86,18
2025-02-19,2031,8,19
2025-02-19,2032,86,14
2025-02-19,2033,18,4
2025-02-19,2034,108,3
2025-02-19,2035,76,5
2025-02-20,2001,11,8
2025-02-20,2002,78,14
2025-02-20,2003,112,4
2025-02-20,2004,68,4
2025-02-20,2005,116,13
2025-02-20,2006,33,8
2025-02-20,2007,77,14
2025-02-20,2008,67,5
2025-02-20,2009,45,4
2025-02-20,2010,26,10
2025-02-20,2011,116,13
2025-02-20,2012,70,13
2025-02-20,2013,44,17
2025-02-20,2014,31,1
2025-02-20,2015,40,10
2025-02-20,2016,19,10
2025-02-20,2017,89,5
2025-02-20,2018,0,4
2025-02-20,2019,53,13
2025-02-20,2020,24,15
2025-02-20,2021,8,18
2025-02-20,2022,60,19
2025-02-20,2023,103,7
2025-02-20,2024,15,17
2025-02-20,2025,7,8
2025-02-20,2026,95,4
2025-02-20,2027,33,13
2025-02-20,2028,17,12
2025-02-20,2029,43,14
2025-02-20,2030,116,14
2025-02-20,2031,92,0
2025-02-20,2032,85,6
2025-02-20,2033,108,17
2025-02-20,2034,31,0
2025-02-20,2035,42,12
2025-02-21,2001,115,8
2025-02-21,2002,61,15
2025-02-21,2003,42,2
2025-02-21,2004,80,1
2025-02-21,2005,31,8
2025-02-21,2006,104,15
2025-02-21,2007,59,0
2025-02-21,2008,56,16
2025-02-21,2009,105,19
2025-02-21,2010,68,7
2025-02-21,2011,108,4
2025-02-21,2012,67,7
2025-02-21,2013,88,6
2025-02-21,2014,36,9
2025-02-21,2015,31,16
2025-02-21,2016,27,5
2025-02-21,2017,105,15
2025-02-21,2018,53,9
2025-02-21,2019,35,1
2025-02-21,2020,30,0
2025-02-21,2021,2,12
2025-02-21,2022,30,11
2025-02-21,2023,32,9
2025-02-21,2024,101,8
2025-02-21,2025,64,11
2025-02-21,2026,100,0
2025-02-21,2027,1,13
2025-02-21,2028,1,4
2025-02-21,2029,73,19
2025-02-21,2030,101,4
2025-02-21,2031,1,8
2025-02-21,2032,60,9
2025-02-21,2033,39,5
2025-02-21,2034,36,17
2025-02-21,2035,26,19
2025-02-22,2001,49,1
2025-02-22,2002,43,7
2025-02-22,2003,3,19
2025-02-22,2004,54,3
2025-02-22,2005,72,8
2025-02-22,2006,11,13
2025-02-22,2007,34,5
2025-02-22,2008,46,18
2025-02-22,2009,67,0
2025-02-22,2010,58,8
2025-02-22,2011,118,15
2025-02-22,2012,118,8
2025-02-22,2013,43,13
2025-02-22,2014,14,15
2025-02-22,2015,71,9
2025-02-22,2016,109,16
2025-02-22,2017,34,3
2025-02-22,2018,47,13
2025-02-22,2019,24,13
2025-02-22,2020,47,7
2025-02-22,2021,49,6
2025-02-22,2022,94,2
2025-02-22,2023,101,19
2025-02-22,2024,15,3
2025-02-22,2025,18,1
2025-02-22,2026,67,1
2025-02-22,2027,6,14
2025-02-22,2028,48,13
2025-02-22,2029,42,16
2025-02-22,2030,100,13
2025-02-22,2031,80,19
2025-02-22,2032,116,1
2025-02-22,2033,102,3
2025-02-22,2034,103,0
2025-02-22,2035,105,0
2025-02-23,2001,96,3
2025-02-23,2002,112,4
2025-02-23,2003,77,5
2025-02-23,2004,6,7
2025-02-23,2005,23,17
2025-02-23,2006,67,2
2025-02-23,2007,91,3
2025-02-23,2008,56,15
2025-02-23,2009,12,10
2025-02-23,2010,23,10
2025-02-23,2011,100,19
2025-02-23,2012,32,13
2025-02-23,2013,23,19
2025-02-23,2014,114,4
2025-02-23,2015,115,5
2025-02-23,2016,18,11
2025-02-23,2017,89,13
2025-02-23,2018,80,6
2025-02-23,2019,20,0
2025-02-23,2020,112,5
2025-02-23,2021,3,13
2025-02-23,2022,7,17
2025-02-23,2023,115,12
2025-02-23,2024,71,15
2025-02-23,2025,63,4
2025-02-23,2026,66,12
2025-02-23,2027,78,3
2025-02-23,2028,34,1
2025-02-23,2029,35,5
2025-02-23,2030,3,16
2025-02-23,2031,93,6
2025-02-23,2032,17,9
2025-02-23,2033,112,3
2025-02-23,2034,58,18
2025-02-23,2035,89,6
2025-02-24,2001,12,2
2025-02-24,2002,39,10
2025-02-24,2003,79,19
2025-02-24,2004,50,8
2025-02-24,2005,41,5
2025-02-24,2006,66,19
2025-02-24,2007,71,5
2025-02-24,2008,103,13
2025-02-24,2009,71,10
2025-02-24,2010,105,9
2025-02-24,2011,42,0
2025-02-24,2012,78,4
2025-02-24,2013,77,19
2025-02-24,2014,71,16
2025-02-24,2015,67,3
2025-02-24,2016,81,18
2025-02-24,2017,2,8
2025-02-24,2018,38,1
2025-02-24,2019,72,5
2025-02-24,2020,101,15
2025-02-24,2021,97,15
2025-02-24,2022,66,15
2025-02-24,2023,107,2
2025-02-24,2024,74,10
2025-02-24,2025,86,15
2025-02-24,2026,68,19
2025-02-24,2027,7,10
2025-02-24,2028,106,17
2025-02-24,2029,50,9
2025-02-24,2030,27,3
2025-02-24,2031,59,9
2025-02-24,2032,13,5
2025-02-24,2033,62,4
2025-02-24,2034,46,4
2025-02-24,2035,118,5
2025-02-25,2001,93,18
2025-02-25,2002,51,16
2025-02-25,2003,77,10
2025-02-25,2004,45,4
2025-02-25,2005,44,11
2025-02-25,2006,57,18
2025-02-25,2007,9,12
2025-02-25,2008,110,19
2025-02-25,2009,12,3
2025-02-25,2010,85,8
2025-02-25,2011,18,19
2025-02-25,2012,117,6
2025-02-25,2013,14,16
2025-02-25,2014,45,13
2025-02-25,2015,104,15
2025-02-25,2016,65,13
2025-02-25,2017,3,2
2025-02-25,2018,2,10
2025-02-25,2019,68,15
2025-02-25,2020,118,18
2025-02-25,2021,40,10
2025-02-25,2022,75,7
2025-02-25,2023,45,16
2025-02-25,2024,115,14
2025-02-25,2025,110,11
2025-02-25,2026,104,11
2025-02-25,2027,18,11
2025-02-25,2028,10,5
2025-02-25,2029,103,10
2025-02-25,2030,2,15
2025-02-25,2031,95,5
2025-02-25,2032,8,8
2025-02-25,2033,37,4
2025-02-25,2034,64,2
2025-02-25,2035,34,11
2025-02-26,2001,99,15
2025-02-26,2002,106,7
2025-02-26,2003,26,8
2025-02-26,2004,91,13
2025-02-26,2005,22,14
2025-02-26,2006,114,8
2025-02-26,2007,89,16
2025-02-26,2008,72,2
2025-02-26,2009,15,12
2025-02-26,2010,89,16
2025-02-26,2011,95,3
2025-02-26,2012,59,8
2025-02-26,2013,21,8
2025-02-26,2014,113,13
2025-02-26,2015,83,2
2025-02-26,2016,35,0
2025-02-26,2017,81,3
2025-02-26,2018,9,3
2025-02-26,2019,20,16
2025-02-26,2020,103,18
2025-02-26,2021,8,15
2025-02-26,2022,90,14
2025-02-26,2023,51,15
2025-02-26,2024,59,11
2025-02-26,2025,118,17
2025-02-26,2026,38,15
2025-02-26,2027,27,18
2025-02-26,2028,5,5
2025-02-26,2029,101,14
2025-02-26,2030,65,8
2025-02-26,2031,39,6
2025-02-26,2032,90,15
2025-02-26,2033,46,8
2025-02-26,2034,51,14
2025-02-26,2035,33,19
2025-02-27,2001,77,10
2025-02-27,2002,93,2
2025-02-27,2003,1,17
2025-02-27,2004,13,4
2025-02-27,2005,43,13
2025-02-27,2006,5,7
2025-02-27,2007,38,6
2025-02-27,2008,107,6
2025-02-27,2009,43,15
2025-02-27,2010,90,6
2025-02-27,2011,103,0
2025-02-27,2012,108,18
2025-02-27,2013,62,0
2025-02-27,2014,119,17
2025-02-27,2015,102,16
2025-02-27,2016,78,18
2025-02-27,2017,27,3
2025-02-27,2018,112,6
2025-02-27,2019,111,16
2025-02-27,2020,58,19
2025-02-27,2021,60,14
2025-02-27,2022,8,12
2025-02-27,2023,6,18
2025-02-27,2024,60,10
2025-02-27,2025,103,16
2025-02-27,2026,99,3
2025-02-27,2027,81,16
2025-02-27,2028,98,8
2025-02-27,2029,27,5
2025-02-27,2030,33,11
2025-02-27,2031,110,8
2025-02-27,2032,92,1
2025-02-27,2033,11,15
2025-02-27,2034,70,0
2025-02-27,2035,116,6
2025-02-28,2001,2,19
2025-02-28,2002,4,2
2025-02-28,2003,110,5
2025-02-28,2004,78,2
2025-02-28,2005,55,0
2025-02-28,2006,1,3
2025-02-28,2007,20,13
2025-02-28,2008,13,9
2025-02-28,2009,10,3
2025-02-28,2010,46,19
2025-02-28,2011,93,3
2025-02-28,2012,19,19
2025-02-28,2013,15,1
2025-02-28,2014,44,7
2025-02-28,2015,108,19
2025-02-28,2016,20,7
2025-02-28,2017,29,3
2025-02-28,2018,4,5
2025-02-28,2019,86,18
2025-02-28,2020,73,2
2025-02-28,2021,12,8
2025-02-28,2022,16,9
2025-02-28,2023,43,12
2025-02-28,2024,87,9
2025-02-28,2025,50,18
2025-02-28,2026,57,16
2025-02-28,2027,57,4
2025-02-28,2028,7,4
2025-02-28,2029,46,3
2025-02-28,2030,88,12
2025-02-28,2031,112,4
2025-02-28,2032,96,14
2025-02-28,2033,105,10
2025-02-28,2034,49,12
2025-02-28,2035,115,15
2025-03-01,2001,50,11
2025-03-01,2002,54,13
2025-03-01,2003,30,1
2025-03-01,2004,91,9
2025-03-01,2005,67,0
2025-03-01,2006,55,16
2025-03-01,2007,10,6
2025-03-01,2008,80,16
2025-03-01,2009,104,9
2025-03-01,2010,25,5
2025-03-01,2011,80,15
2025-03-01,2012,102,18
2025-03-01,2013,89,3
2025-03-01,2014,61,19
2025-03-01,2015,119,16
2025-03-01,2016,55,8
2025-03-01,2017,74,0
2025-03-01,2018,30,6
2025-03-01,2019,85,4
2025-03-01,2020,36,0
2025-03-01,2021,69,12
2025-03-01,2022,46,3
2025-03-01,2023,93,16
2025-03-01,2024,59,12
2025-03-01,2025,106,3
2025-03-01,2026,60,6
2025-03-01,2027,82,6
2025-03-01,2028,45,15
2025-03-01,2029,116,8
2025-03-01,2030,21,1
2025-03-01,2031,90,15
2025-03-01,2032,4,11
2025-03-01,2033,51,14
2025-03-01,2034,66,8
2025-03-01,2035,58,6
2025-03-02,2001,62,3
2025-03-02,2002,24,8
2025-03-02,2003,27,14
2025-03-02,2004,118,6
2025-03-02,2005,56,10
2025-03-02,2006,18,10
2025-03-02,2007,88,0
2025-03-02,2008,31,12
2025-03-02,2009,76,1
2025-03-02,2010,16,18
2025-03-02,2011,54,14
2025-03-02,2012,18,9
2025-03-02,2013,41,8
2025-03-02,2014,114,10
2025-03-02,2015,37,1
2025-03-02,2016,87,9
2025-03-02,2017,110,4
2025-03-02,2018,49,6
2025-03-02,2019,34,15
2025-03-02,2020,16,1
2025-03-02,2021,79,19
2025-03-02,2022,64,13
2025-03-02,2023,15,8
2025-03-02,2024,112,7
2025-03-02,2025,72,1
2025-03-02,2026,108,0
2025-03-02,2027,85,6
2025-03-02,2028,81,4
2025-03-02,2029,70,11
2025-03-02,2030,58,16
2025-03-02,2031,57,4
2025-03-02,2032,107,18
2025-03-02,2033,44,15
2025-03-02,2034,24,18
2025-03-02,2035,118,9
2025-03-03,2001,107,6
2025-03-03,2002,109,9
2025-03-03,2003,59,7
2025-03-03,2004,78,15
2025-03-03,2005,71,3
2025-03-03,2006,95,16
2025-03-03,2007,99,10
2025-03-03,2008,108,5
2025-03-03,2009,21,13
2025-03-03,2010,91,6
2025-03-03,2011,11,0
2025-03-03,2012,63,9
2025-03-03,2013,96,15
2025-03-03,2014,38,19
2025-03-03,2015,69,17
2025-03-03,2016,19,3
2025-03-03,2017,22,15
2025-03-03,2018,0,19
2025-03-03,2019,1,15
2025-03-03,2020,20,8
2025-03-03,2021,110,15
2025-03-03,2022,104,6
2025-03-03,2023,41,6
2025-03-03,2024,93,12
2025-03-03,2025,1,11
2025-03-03,2026,76,2
2025-03-03,2027,42,7
2025-03-03,2028,106,17
2025-03-03,2029,38,11
2025-03-03,2030,5,9
2025-03-03,2031,51,14
2025-03-03,2032,115,14
2025-03-03,2033,18,5
2025-03-03,2034,50,14
2025-03-03,2035,56,19
2025-03-04,2001,19,17
2025-03-04,2002,63,1
2025-03-04,2003,102,4
2025-03-04,2004,98,5
2025-03-04,2005,37,0
2025-03-04,2006,114,11
2025-03-04,2007,4,6
2025-03-04,2008,19,7
2025-03-04,2009,82,5
2025-03-04,2010,78,5
2025-03-04,2011,72,3
2025-03-04,2012,111,9
2025-03-04,2013,64,10
2025-03-04,2014,48,17
2025-03-04,2015,83,19
2025-03-04,2016,46,5
2025-03-04,2017,79,1
2025-03-04,2018,24,2
2025-03-04,2019,86,16
2025-03-04,2020,39,19
2025-03-04,2021,29,14
2025-03-04,2022,108,18
2025-03-04,2023,56,0
2025-03-04,2024,91,11
2025-03-04,2025,113,17
2025-03-04,2026,63,2
2025-03-04,2027,113,16
2025-03-04,2028,74,4
2025-03-04,2029,117,6
2025-03-04,2030,89,17
2025-03-04,2031,28,6
2025-03-04,2032,113,1
2025-03-04,2033,59,5
2025-03-04,2034,53,7
2025-03-04,2035,20,16
2025-03-05,2001,35,16
2025-03-05,2002,79,14
2025-03-05,2003,78,7
2025-03-05,2004,80,18
2025-03-05,2005,64,12
2025-03-05,2006,37,9
2025-03-05,2007,96,11
2025-03-05,2008,82,14
2025-03-05,2009,116,4
2025-03-05,2010,1,18
2025-03-05,2011,77,8
2025-03-05,2012,64,12
2025-03-05,2013,112,1
2025-03-05,2014,55,13
2025-03-05,2015,115,5
2025-03-05,2016,56,5
2025-03-05,2017,113,18
2025-03-05,2018,40,14
2025-03-05,2019,102,5
2025-03-05,2020,92,4
2025-03-05,2021,82,19
2025-03-05,2022,0,6
2025-03-05,2023,17,7
2025-03-05,2024,94,11
2025-03-05,2025,41,5
2025-03-05,2026,89,15
2025-03-05,2027,93,18
2025-03-05,2028,81,12
2025-03-05,2029,83,6
2025-03-05,2030,6,15
2025-03-05,2031,57,9
2025-03-05,2032,110,13
2025-03-05,2033,55,11
2025-03-05,2034,92,14
2025-03-05,2035,7,6
2025-03-06,2001,57,8
2025-03-06,2002,45,6
2025-03-06,2003,43,13
2025-03-06,2004,74,18
2025-03-06,2005,91,5
2025-03-06,2006,34,5
2025-03-06,2007,60,8
2025-03-06,2008,1,5
2025-03-06,2009,77,18
2025-03-06,2010,30,3
2025-03-06,2011,109,9
2025-03-06,2012,69,10
2025-03-06,2013,108,17
2025-03-06,2014,51,13
2025-03-06,2015,58,19
2025-03-06,2016,117,19
2025-03-06,2017,74,4
2025-03-06,2018,39,3
2025-03-06,2019,43,5
2025-03-06,2020,86,7
2025-03-06,2021,29,3
2025-03-06,2022,51,9
2025-03-06,2023,10,14
2025-03-06,2024,4,2
2025-03-06,2025,14,1
2025-03-06,2026,1,7
2025-03-06,2027,53,13
2025-03-06,2028,93,8
2025-03-06,2029,68,11
2025-03-06,2030,9,0
2025-03-06,2031,87,18
2025-03-06,2032,29,10
2025-03-06,2033,48,2
2025-03-06,2034,64,16
2025-03-06,2035,30,5
2025-03-07,2001,76,19
2025-03-07,2002,25,3
2025-03-07,2003,4,14
2025-03-07,2004,13,18
2025-03-07,2005,14,11
2025-03-07,2006,113,13
2025-03-07,2007,105,7
2025-03-07,2008,58,3
2025-03-07,2009,49,7
2025-03-07,2010,31,3
2025-03-07,2011,74,4
2025-03-07,2012,9,5
2025-03-07,2013,60,3
2025-03-07,2014,113,16
2025-03-07,2015,6,8
2025-03-07,2016,98,8
2025-03-07,2017,58,3
2025-03-07,2018,117,18
2025-03-07,2019,40,19
2025-03-07,2020,5,10
2025-03-07,2021,87,14
2025-03-07,2022,21,5
2025-03-07,2023,115,9
2025-03-07,2024,119,17
2025-03-07,2025,15,3
2025-03-07,2026,115,12
2025-03-07,2027,119,4
2025-03-07,2028,51,18
2025-03-07,2029,113,19
2025-03-07,2030,90,16
2025-03-07,2031,15,0
2025-03-07,2032,84,0
2025-03-07,2033,29,19
2025-03-07,2034,23,13
2025-03-07,2035,119,1
2025-03-08,2001,14,2
2025-03-08,2002,61,12
2025-03-08,2003,82,0
2025-03-08,2004,44,14
2025-03-08,2005,15,10
2025-03-08,2006,2,7
2025-03-08,2007,69,4
2025-03-08,2008,25,14
2025-03-08,2009,72,4
2025-03-08,2010,84,9
2025-03-08,2011,28,5
2025-03-08,2012,10,3
2025-03-08,2013,19,11
2025-03-08,2014,83,5
2025-03-08,2015,32,17
2025-03-08,2016,33,4
2025-03-08,2017,79,11
2025-03-08,2018,75,10
2025-03-08,2019,51,18
2025-03-08,2020,20,6
2025-03-08,2021,57,1
2025-03-08,2022,63,5
2025-03-08,2023,99,1
2025-03-08,2024,48,7
2025-03-08,2025,36,9
2025-03-08,2026,79,1
2025-03-08,2027,55,18
2025-03-08,2028,70,1
2025-03-08,2029,44,3
2025-03-08,2030,63,15
2025-03-08,2031,9,16
2025-03-08,2032,20,13
2025-03-08,2033,11,12
2025-03-08,2034,115,7
2025-03-08,2035,80,17
2025-03-09,2001,116,9
2025-03-09,2002,91,12
2025-03-09,2003,33,16
2025-03-09,2004,5,11
2025-03-09,2005,28,12
2025-03-09,2006,25,3
2025-03-09,2007,78,15
2025-03-09,2008,52,18
2025-03-09,2009,46,5
2025-03-09,2010,115,5
2025-03-09,2011,60,4
2025-03-09,2012,58,1
2025-03-09,2013,115,1
2025-03-09,2014,100,2
2025-03-09,2015,69,10
2025-03-09,2016,4,17
2025-03-09,2017,109,9
2025-03-09,2018,26,2
2025-03-09,2019,15,15
2025-03-09,2020,42,3
2025-03-09,2021,106,7
2025-03-09,2022,15,7
2025-03-09,2023,104,13
2025-03-09,2024,71,15
2025-03-09,2025,117,1
2025-03-09,2026,54,19
2025-03-09,2027,50,19
2025-03-09,2028,83,18
2025-03-09,2029,56,18
2025-03-09,2030,17,12
2025-03-09,2031,80,0
2025-03-09,2032,116,4
2025-03-09,2033,27,19
2025-03-09,2034,84,12
2025-03-09,2035,5,9
2025-03-10,2001,118,8
2025-03-10,2002,28,5
2025-03-10,2003,64,17
2025-03-10,2004,95,6
2025-03-10,2005,57,9
2025-03-10,2006,107,14
2025-03-10,2007,80,2
2025-03-10,2008,88,14
2025-03-10,2009,96,10
2025-03-10,2010,87,5
2025-03-10,2011,27,15
2025-03-10,2012,62,11
2025-03-10,2013,21,14
2025-03-10,2014,56,17
2025-03-10,2015,9,11
2025-03-10,2016,83,18
2025-03-10,2017,27,4
2025-03-10,2018,49,18
2025-03-10,2019,118,11
2025-03-10,2020,0,1
2025-03-10,2021,34,11
2025-03-10,2022,77,6
2025-03-10,2023,67,11
2025-03-10,2024,87,7
2025-03-10,2025,94,0
2025-03-10,2026,36,0
2025-03-10,2027,14,12
2025-03-10,2028,28,12
2025-03-10,2029,3,14
2025-03-10,2030,107,7
2025-03-10,2031,47,11
2025-03-10,2032,55,5
2025-03-10,2033,86,14
2025-03-10,2034,38,4
2025-03-10,2035,86,14
2025-03-11,2001,88,11
2025-03-11,2002,42,3
2025-03-11,2003,76,17
2025-03-11,2004,103,6
2025-03-11,2005,53,15
2025-03-11,2006,34,15
2025-03-11,2007,47,6
2025-03-11,2008,118,12
2025-03-11,2009,12,18
2025-03-11,2010,113,6
2025-03-11,2011,83,17
2025-03-11,2012,92,17
2025-03-11,2013,21,3
2025-03-11,2014,104,15
2025-03-11,2015,99,7
2025-03-11,2016,2,8
2025-03-11,2017,7,11
2025-03-11,2018,45,9
2025-03-11,2019,116,16
2025-03-11,2020,42,9
2025-03-11,2021,12,1
2025-03-11,2022,64,0
2025-03-11,2023,79,9
2025-03-11,2024,57,9
2025-03-11,2025,62,6
2025-03-11,2026,70,0
2025-03-11,2027,25,12
2025-03-11,2028,4,2
2025-03-11,2029,12,11
2025-03-11,2030,93,17
2025-03-11,2031,95,4
2025-03-11,2032,36,1
2025-03-11,2033,101,6
2025-03-11,2034,64,2
2025-03-11,2035,19,1
2025-03-12,2001,41,10
2025-03-12,2002,20,12
2025-03-12,2003,95,15
2025-03-12,2004,19,10
2025-03-12,2005,49,10
2025-03-12,2006,96,17
2025-03-12,2007,83,4
2025-03-12,2008,1,17
2025-03-12,2009,85,6
2025-03-12,2010,85,10
2025-03-12,2011,10,12
2025-03-12,2012,67,0
2025-03-12,2013,17,11
2025-03-12,2014,27,9
2025-03-12,2015,59,7
2025-03-12,2016,61,2
2025-03-12,2017,70,19
2025-03-12,2018,106,6
2025-03-12,2019,70,8
2025-03-12,2020,2,10
2025-03-12,2021,16,7
2025-03-12,2022,83,1
2025-03-12,2023,52,19
2025-03-12,2024,32,15
2025-03-12,2025,59,3
2025-03-12,2026,55,8
2025-03-12,2027,63,7
2025-03-12,2028,96,7
2025-03-12,2029,68,0
2025-03-12,2030,24,6
2025-03-12,2031,110,6
2025-03-12,2032,58,0
2025-03-12,2033,40,0
2025-03-12,2034,28,11
2025-03-12,2035,38,8
2025-03-13,2001,95,4
2025-03-13,2002,107,1
2025-03-13,2003,113,8
2025-03-13,2004,28,0
2025-03-13,2005,73,13
2025-03-13,2006,52,13
2025-03-13,2007,38,11
2025-03-13,2008,57,5
2025-03-13,2009,44,7
2025-03-13,2010,22,1
2025-03-13,2011,41,5
2025-03-13,2012,15,9
2025-03-13,2013,46,19
2025-03-13,2014,73,10
2025-03-13,2015,20,1
2025-03-13,2016,53,9
2025-03-13,2017,60,11
2025-03-13,2018,10,14
2025-03-13,2019,89,3
2025-03-13,2020,100,0
2025-03-13,2021,96,9
2025-03-13,2022,99,12
2025-03-13,2023,13,18
2025-03-13,2024,100,10
2025-03-13,2025,39,0
2025-03-13,2026,4,17
2025-03-13,2027,44,4
2025-03-13,2028,119,6
2025-03-13,2029,11,1
2025-03-13,2030,108,13
2025-03-13,2031,37,15
2025-03-13,2032,105,10
2025-03-13,2033,96,14
2025-03-13,2034,111,9
2025-03-13,2035,73,2
2025-03-14,2001,10,10
2025-03-14,2002,15,5
2025-03-14,2003,29,8
2025-03-14,2004,0,5
2025-03-14,2005,113,12
2025-03-14,2006,97,18
2025-03-14,2007,97,3
2025-03-14,2008,67,9
2025-03-14,2009,16,15
2025-03-14,2010,84,7
2025-03-14,2011,28,5
2025-03-14,2012,93,1
2025-03-14,2013,118,14
2025-03-14,2014,62,10
2025-03-14,2015,20,15
2025-03-14,2016,3,10
2025-03-14,2017,45,7
2025-03-14,2018,5,18
2025-03-14,2019,99,3
2025-03-14,2020,62,5
2025-03-14,2021,61,10
2025-03-14,2022,32,1
2025-03-14,2023,40,15
2025-03-14,2024,101,8
2025-03-14,2025,114,4
2025-03-14,2026,116,9
2025-03-14,2027,93,6
2025-03-14,2028,92,1
2025-03-14,2029,19,3
2025-03-14,2030,27,7
2025-03-14,2031,34,1
2025-03-14,2032,40,10
2025-03-14,2033,99,8
2025-03-14,2034,101,0
2025-03-14,2035,26,2
2025-03-15,2001,38,8
2025-03-15,2002,39,12
2025-03-15,2003,23,17
2025-03-15,2004,50,8
2025-03-15,2005,25,19
2025-03-15,2006,5,11
2025-03-15,2007,62,3
2025-03-15,2008,8,9
2025-03-15,2009,66,16
2025-03-15,2010,28,6
2025-03-15,2011,89,7
2025-03-15,2012,42,12
2025-03-15,2013,34,18
2025-03-15,2014,109,15
2025-03-15,2015,78,1
2025-03-15,2016,101,6
2025-03-15,2017,94,8
2025-03-15,2018,40,16
2025-03-15,2019,118,2
2025-03-15,2020,3,1
2025-03-15,2021,64,9
2025-03-15,2022,93,2
2025-03-15,2023,9,8
2025-03-15,2024,16,14
2025-03-15,2025,66,2
2025-03-15,2026,3,3
2025-03-15,2027,112,5
2025-03-15,2028,10,11
2025-03-15,2029,118,6
2025-03-15,2030,108,5
2025-03-15,2031,118,2
2025-03-15,2032,116,13
2025-03-15,2033,31,13
2025-03-15,2034,22,9
2025-03-15,2035,36,1
2025-03-16,2001,101,10
2025-03-16,2002,113,10
2025-03-16,2003,87,14
2025-03-16,2004,66,1
2025-03-16,2005,70,4
2025-03-16,2006,52,12
2025-03-16,2007,103,8
2025-03-16,2008,62,7
2025-03-16,2009,31,9
2025-03-16,2010,1,9
2025-03-16,2011,42,10
2025-03-16,2012,100,13
2025-03-16,2013,118,2
2025-03-16,2014,115,1
2025-03-16,2015,81,0
2025-03-16,2016,96,16
2025-03-16,2017,5,12
2025-03-16,2018,20,0
2025-03-16,2019,27,5
2025-03-16,2020,7,12
2025-03-16,2021,97,7
2025-03-16,2022,85,0
2025-03-16,2023,76,0
2025-03-16,2024,9,4
2025-03-16,2025,118,19
2025-03-16,2026,61,12
2025-03-16,2027,57,4
2025-03-16,2028,9,2
2025-03-16,2029,33,1
2025-03-16,2030,29,4
2025-03-16,2031,67,1
2025-03-16,2032,31,8
2025-03-16,2033,23,8
2025-03-16,2034,40,3
2025-03-16,2035,7,17
2025-03-17,2001,104,2
2025-03-17,2002,37,18
2025-03-17,2003,31,4
2025-03-17,2004,112,18
2025-03-17,2005,27,2
2025-03-17,2006,7,8
2025-03-17,2007,117,7
2025-03-17,2008,109,9
2025-03-17,2009,80,2
2025-03-17,2010,98,2
2025-03-17,2011,35,16
2025-03-17,2012,45,1
2025-03-17,2013,75,4
2025-03-17,2014,58,1
2025-03-17,2015,29,11
2025-03-17,2016,72,8
2025-03-17,2017,83,0
2025-03-17,2018,55,6
2025-03-17,2019,86,17
2025-03-17,2020,41,14
2025-03-17,2021,72,10
2025-03-17,2022,119,0
2025-03-17,2023,74,0
2025-03-17,2024,29,4
2025-03-17,2025,49,0
2025-03-17,2026,9,12
2025-03-17,2027,26,7
2025-03-17,2028,27,12
2025-03-17,2029,51,1
2025-03-17,2030,61,11
2025-03-17,2031,90,12
2025-03-17,2032,59,7
2025-03-17,2033,14,6
2025-03-17,2034,38,16
2025-03-17,2035,50,2
2025-03-18,2001,6,11
2025-03-18,2002,13,1
2025-03-18,2003,38,15
2025-03-18,2004,72,0
2025-03-18,2005,11,1
2025-03-18,2006,26,17
2025-03-18,2007,45,11
2025-03-18,2008,17,4
2025-03-18,2009,6,3
2025-03-18,2010,108,15
2025-03-18,2011,85,15
2025-03-18,2012,50,3
2025-03-18,2013,83,19
2025-03-18,2014,96,12
2025-03-18,2015,51,19
2025-03-18,2016,53,8
2025-03-18,2017,41,5
2025-03-18,2018,21,6
2025-03-18,2019,22,15
2025-03-18,2020,112,0
2025-03-18,2021,40,13
2025-03-18,2022,46,3
2025-03-18,2023,56,7
2025-03-18,2024,56,14
2025-03-18,2025,61,3
2025-03-18,2026,114,2
2025-03-18,2027,71,1
2025-03-18,2028,85,7
2025-03-18,2029,103,16
2025-03-18,2030,79,15
2025-03-18,2031,47,6
2025-03-18,2032,14,16
2025-03-18,2033,34,0
2025-03-18,2034,103,6
2025-03-18,2035,17,4
2025-03-19,2001,110,6
2025-03-19,2002,73,15
2025-03-19,2003,27,1
2025-03-19,2004,17,14
2025-03-19,2005,22,18
2025-03-19,2006,19,13
2025-03-19,2007,22,1
2025-03-19,2008,28,17
2025-03-19,2009,72,0
2025-03-19,2010,47,11
2025-03-19,2011,11,18
2025-03-19,2012,41,19
2025-03-19,2013,100,2
2025-03-19,2014,40,14
2025-03-19,2015,109,10
2025-03-19,2016,12,6
2025-03-19,2017,90,1
2025-03-19,2018,34,19
2025-03-19,2019,71,0
2025-03-19,2020,88,3
2025-03-19,2021,12,13
2025-03-19,2022,72,2
2025-03-19,2023,45,3
2025-03-19,2024,112,14
2025-03-19,2025,43,13
2025-03-19,2026,114,9
2025-03-19,2027,68,16
2025-03-19,2028,112,2
2025-03-19,2029,15,8
2025-03-19,2030,112,19
2025-03-19,2031,107,1
2025-03-19,2032,51,15
2025-03-19,2033,86,5
2025-03-19,2034,1,8
2025-03-19,2035,68,17
2025-03-20,2001,117,17
2025-03-20,2002,28,9
2025-03-20,2003,105,9
2025-03-20,2004,60,17
2025-03-20,2005,15,5
2025-03-20,2006,43,3
2025-03-20,2007,83,15
2025-03-20,2008,27,10
2025-03-20,2009,0,4
2025-03-20,2010,112,10
2025-03-20,2011,45,8
2025-03-20,2012,105,3
2025-03-20,2013,65,5
2025-03-20,2014,61,2
2025-03-20,2015,12,11
2025-03-20,2016,17,5
2025-03-20,2017,105,5
2025-03-20,2018,91,4
2025-03-20,2019,58,14
2025-03-20,2020,110,11
2025-03-20,2021,72,12
2025-03-20,2022,111,1
2025-03-20,2023,48,8
2025-03-20,2024,89,18
2025-03-20,2025,62,5
2025-03-20,2026,57,3
2025-03-20,2027,29,14
2025-03-20,2028,17,11
2025-03-20,2029,94,11
2025-03-20,2030,51,16
2025-03-20,2031,102,19
2025-03-20,2032,36,11
2025-03-20,2033,16,1
2025-03-20,2034,27,3
2025-03-20,2035,97,13
2025-03-21,2001,13,12
2025-03-21,2002,112,16
2025-03-21,2003,117,17
2025-03-21,2004,66,15
2025-03-21,2005,50,5
2025-03-21,2006,118,5
2025-03-21,2007,17,8
2025-03-21,2008,113,5
2025-03-21,2009,40,17
2025-03-21,2010,24,15
2025-03-21,2011,23,12
2025-03-21,2012,42,7
2025-03-21,2013,55,16
2025-03-21,2014,72,5
2025-03-21,2015,32,0
2025-03-21,2016,44,6
2025-03-21,2017,105,17
2025-03-21,2018,69,12
2025-03-21,2019,36,14
2025-03-21,2020,43,10
2025-03-21,2021,7,4
2025-03-21,2022,7,4
2025-03-21,2023,9,14
2025-03-21,2024,101,17
2025-03-21,2025,54,2
2025-03-21,2026,40,9
2025-03-21,2027,6,18
2025-03-21,2028,62,1
2025-03-21,2029,71,6
2025-03-21,2030,59,4
2025-03-21,2031,99,10
2025-03-21,2032,25,9
2025-03-21,2033,96,3
2025-03-21,2034,53,5
2025-03-21,2035,113,12
2025-03-22,2001,76,0
2025-03-22,2002,99,3
2025-03-22,2003,49,17
2025-03-22,2004,49,14
2025-03-22,2005,49,14
2025-03-22,2006,16,4
2025-03-22,2007,10,15
2025-03-22,2008,51,1
2025-03-22,2009,80,0
2025-03-22,2010,113,16
2025-03-22,2011,30,17
2025-03-22,2012,114,4
2025-03-22,2013,29,12
2025-03-22,2014,119,5
2025-03-22,2015,108,17
2025-03-22,2016,95,3
2025-03-22,2017,8,2
2025-03-22,2018,85,7
2025-03-22,2019,108,10
2025-03-22,2020,41,10
2025-03-22,2021,2,13
2025-03-22,2022,45,18
2025-03-22,2023,59,3
2025-03-22,2024,31,0
2025-03-22,2025,1,5
2025-03-22,2026,44,13
2025-03-22,2027,91,0
2025-03-22,2028,24,7
2025-03-22,2029,17,13
2025-03-22,2030,97,11
2025-03-22,2031,90,0
2025-03-22,2032,116,14
2025-03-22,2033,42,17
2025-03-22,2034,80,2
2025-03-22,2035,46,12
2025-03-23,2001,34,12
2025-03-23,2002,8,9
2025-03-23,2003,64,1
2025-03-23,2004,56,13
2025-03-23,2005,100,9
2025-03-23,2006,89,18
2025-03-23,2007,103,12
2025-03-23,2008,104,17
2025-03-23,2009,67,7
2025-03-23,2010,4,5
2025-03-23,2011,115,4
2025-03-23,2012,59,0
2025-03-23,2013,27,18
2025-03-23,2014,99,0
2025-03-23,2015,28,18
2025-03-23,2016,35,13
2025-03-23,2017,31,13
2025-03-23,2018,8,18
2025-03-23,2019,10,15
2025-03-23,2020,50,3
2025-03-23,2021,40,16
2025-03-23,2022,46,7
2025-03-23,2023,57,12
2025-03-23,2024,0,1
2025-03-23,2025,9,12
2025-03-23,2026,62,10
2025-03-23,2027,13,15
2025-03-23,2028,92,5
2025-03-23,2029,97,4
2025-03-23,2030,82,6
2025-03-23,2031,91,16
2025-03-23,2032,36,11
2025-03-23,2033,82,17
2025-03-23,2034,75,2
2025-03-23,2035,67,14
2025-03-24,2001,110,10
2025-03-24,2002,33,17
2025-03-24,2003,34,17
2025-03-24,2004,109,5
2025-03-24,2005,33,0
2025-03-24,2006,71,9
2025-03-24,2007,83,17
2025-03-24,2008,83,10
2025-03-24,2009,81,15
2025-03-24,2010,68,6
2025-03-24,2011,21,1
2025-03-24,2012,42,12
2025-03-24,2013,115,15
2025-03-24,2014,13,6
2025-03-24,2015,70,11
2025-03-24,2016,11,19
2025-03-24,2017,96,5
2025-03-24,2018,39,12
2025-03-24,2019,68,9
2025-03-24,2020,58,13
2025-03-24,2021,119,8
2025-03-24,2022,112,2
2025-03-24,2023,43,11
2025-03-24,2024,10,3
2025-03-24,2025,71,9
2025-03-24,2026,77,0
2025-03-24,2027,62,11
2025-03-24,2028,4,13
2025-03-24,2029,35,16
2025-03-24,2030,57,12
2025-03-24,2031,62,2
2025-03-24,2032,106,10
2025-03-24,2033,68,5
2025-03-24,2034,67,9
2025-03-24,2035,9,11
2025-03-25,2001,53,17
2025-03-25,2002,61,14
2025-03-25,2003,54,17
2025-03-25,2004,34,2
2025-03-25,2005,64,16
2025-03-25,2006,41,5
2025-03-25,2007,10,13
2025-03-25,2008,112,6
2025-03-25,2009,53,3
2025-03-25,2010,10,18
2025-03-25,2011,104,7
2025-03-25,2012,115,3
2025-03-25,2013,63,15
2025-03-25,2014,69,5
2025-03-25,2015,82,1
2025-03-25,2016,42,17
2025-03-25,2017,40,15
2025-03-25,2018,74,13
2025-03-25,2019,39,12
2025-03-25,2020,41,11
2025-03-25,2021,20,2
2025-03-25,2022,65,10
2025-03-25,2023,23,17
2025-03-25,2024,87,3
2025-03-25,2025,103,10
2025-03-25,2026,46,1
2025-03-25,2027,86,18
2025-03-25,2028,14,12
2025-03-25,2029,65,2
2025-03-25,2030,95,13
2025-03-25,2031,63,19
2025-03-25,2032,76,15
2025-03-25,2033,30,11
2025-03-25,2034,96,5
2025-03-25,2035,44,1
2025-03-26,2001,113,16
2025-03-26,2002,114,14
2025-03-26,2003,103,8
2025-03-26,2004,39,7
2025-03-26,2005,106,17
2025-03-26,2006,48,5
2025-03-26,2007,118,1
2025-03-26,2008,0,9
2025-03-26,2009,39,15
2025-03-26,2010,87,13
2025-03-26,2011,23,15
2025-03-26,2012,13,6
2025-03-26,2013,17,19
2025-03-26,2014,40,3
2025-03-26,2015,23,15
2025-03-26,2016,21,10
2025-03-26,2017,40,16
2025-03-26,2018,117,10
2025-03-26,2019,51,2
2025-03-26,2020,84,10
2025-03-26,2021,7,9
2025-03-26,2022,5,16
2025-03-26,2023,101,6
2025-03-26,2024,95,12
2025-03-26,2025,5,2
2025-03-26,2026,26,12
2025-03-26,2027,105,3
2025-03-26,2028,36,18
2025-03-26,2029,27,17
2025-03-26,2030,119,6
2025-03-26,2031,52,0
2025-03-26,2032,25,16
2025-03-26,2033,55,19
2025-03-26,2034,92,19
2025-03-26,2035,29,17
2025-03-27,2001,4,5
2025-03-27,2002,105,18
2025-03-27,2003,9,5
2025-03-27,2004,9,9
2025-03-27,2005,84,11
2025-03-27,2006,55,3
2025-03-27,2007,12,9
2025-03-27,2008,79,18
2025-03-27,2009,69,8
2025-03-27,2010,45,9
2025-03-27,2011,39,2
2025-03-27,2012,112,18
2025-03-27,2013,61,2
2025-03-27,2014,45,5
2025-03-27,2015,28,18
2025-03-27,2016,113,11
2025-03-27,2017,14,5
2025-03-27,2018,20,11
2025-03-27,2019,50,6
2025-03-27,2020,86,19
2025-03-27,2021,105,17
2025-03-27,2022,1,12
2025-03-27,2023,31,14
2025-03-27,2024,91,3
2025-03-27,2025,6,2
2025-03-27,2026,24,15
2025-03-27,2027,8,16
2025-03-27,2028,25,7
2025-03-27,2029,63,17
2025-03-27,2030,87,12
2025-03-27,2031,1,0
2025-03-27,2032,47,15
2025-03-27,2033,62,10
2025-03-27,2034,87,3
2025-03-27,2035,62,10
2025-03-28,2001,25,5
2025-03-28,2002,25,10
2025-03-28,2003,0,8
2025-03-28,2004,26,6
2025-03-28,2005,116,2
2025-03-28,2006,60,8
2025-03-28,2007,1,9
2025-03-28,2008,80,0
2025-03-28,2009,17,5
2025-03-28,2010,101,8
2025-03-28,2011,41,14
2025-03-28,2012,67,7
2025-03-28,2013,3,2
2025-03-28,2014,3,0
2025-03-28,2015,40,10
2025-03-28,2016,94,18
2025-03-28,2017,20,19
2025-03-28,2018,6,4
2025-03-28,2019,63,1
2025-03-28,2020,114,2
2025-03-28,2021,78,6
2025-03-28,2022,100,9
2025-03-28,2023,8,13
2025-03-28,2024,53,12
2025-03-28,2025,96,15
2025-03-28,2026,83,7
2025-03-28,2027,112,5
2025-03-28,2028,97,12
2025-03-28,2029,56,7
2025-03-28,2030,24,8
2025-03-28,2031,61,12
2025-03-28,2032,17,17
2025-03-28,2033,40,1
2025-03-28,2034,99,17
2025-03-28,2035,80,11
2025-03-29,2001,79,12
2025-03-29,2002,74,13
2025-03-29,2003,41,18
2025-03-29,2004,87,16
2025-03-29,2005,8,13
2025-03-29,2006,93,4
2025-03-29,2007,2,7
2025-03-29,2008,81,2
2025-03-29,2009,54,1
2025-03-29,2010,42,4
2025-03-29,2011,88,6
2025-03-29,2012,61,13
2025-03-29,2013,28,18
2025-03-29,2014,1,8
2025-03-29,2015,56,9
2025-03-29,2016,114,16
2025-03-29,2017,56,6
2025-03-29,2018,17,5
2025-03-29,2019,104,7
2025-03-29,2020,26,8
2025-03-29,2021,23,0
2025-03-29,2022,94,1
2025-03-29,2023,21,3
2025-03-29,2024,91,19
2025-03-29,2025,60,17
2025-03-29,2026,41,0
2025-03-29,2027,73,8
2025-03-29,2028,118,12
2025-03-29,2029,46,17
2025-03-29,2030,44,4
2025-03-29,2031,30,1
2025-03-29,2032,89,6
2025-03-29,2033,40,18
2025-03-29,2034,45,16
2025-03-29,2035,51,19
2025-03-30,2001,106,4
2025-03-30,2002,11,8
2025-03-30,2003,92,16
2025-03-30,2004,103,7
2025-03-30,2005,43,18
2025-03-30,2006,73,1
2025-03-30,2007,119,7
2025-03-30,2008,30,13
2025-03-30,2009,114,3
2025-03-30,2010,104,12
2025-03-30,2011,94,8
2025-03-30,2012,89,12
2025-03-30,2013,111,0
2025-03-30,2014,103,8
2025-03-30,2015,30,12
2025-03-30,2016,112,8
2025-03-30,2017,102,19
2025-03-30,2018,118,9
2025-03-30,2019,84,4
2025-03-30,2020,80,1
2025-03-30,2021,72,1
2025-03-30,2022,9,11
2025-03-30,2023,65,14
2025-03-30,2024,24,2
2025-03-30,2025,33,6
2025-03-30,2026,27,8
2025-03-30,2027,10,15
2025-03-30,2028,38,12
2025-03-30,2029,98,10
2025-03-30,2030,34,14
2025-03-30,2031,7,6
2025-03-30,2032,68,5
2025-03-30,2033,56,18
2025-03-30,2034,34,10
2025-03-30,2035,37,13
2025-03-31,2001,48,2
2025-03-31,2002,28,3
2025-03-31,2003,40,12
2025-03-31,2004,95,5
2025-03-31,2005,9,19
2025-03-31,2006,83,12
2025-03-31,2007,22,13
2025-03-31,2008,11,12
2025-03-31,2009,73,6
2025-03-31,2010,100,11
2025-03-31,2011,60,1
2025-03-31,2012,103,7
2025-03-31,2013,50,4
2025-03-31,2014,61,7
2025-03-31,2015,105,12
2025-03-31,2016,72,6
2025-03-31,2017,83,19
2025-03-31,2018,114,10
2025-03-31,2019,103,15
2025-03-31,2020,105,5
2025-03-31,2021,41,9
2025-03-31,2022,88,18
2025-03-31,2023,3,18
2025-03-31,2024,2,16
2025-03-31,2025,13,9
2025-03-31,2026,5,15
2025-03-31,2027,8,11
2025-03-31,2028,107,13
2025-03-31,2029,25,1
2025-03-31,2030,105,3
2025-03-31,2031,95,5
2025-03-31,2032,29,12
2025-03-31,2033,54,13
2025-03-31,2034,35,9
2025-03-31,2035,73,4
