order_item_id,order_id,product_id,quantity,unit_price,discount
1,30001,2022,1,320.77,0.0
2,30001,2011,5,71.73,0.2
3,30001,2003,1,76.84,0.05
4,30002,2014,1,40.04,0.0
5,30002,2009,2,80.95,0.05
6,30002,2005,4,359.23,0.05
7,30003,2025,4,350.06,0.0
8,30003,2025,2,350.06,0.15
9,30004,2030,1,300.56,0.0
10,30005,2034,2,196.39,0.0
11,30005,2011,5,71.73,0.1
12,30005,2007,1,268.69,0.0
13,30006,2002,4,258.15,0.0
14,30006,2018,3,148.89,0.0
15,30006,2018,3,148.89,0.0
16,30006,2026,1,368.74,0.1
17,30007,2012,4,115.04,0.0
18,30007,2002,2,258.15,0.0
19,30007,2027,4,29.13,0.0
20,30008,2017,5,86.5,0.0
21,30008,2021,5,20.53,0.0
22,30009,2028,5,114.37,0.05
23,30009,2030,2,300.56,0.05
24,30009,2029,3,323.45,0.0
25,30009,2019,5,203.85,0.05
26,30010,2027,4,29.13,0.05
27,30010,2025,4,350.06,0.0
28,30010,2032,2,87.69,0.0
29,30010,2030,5,300.56,0.0
30,30011,2013,3,74.92,0.05
31,30011,2029,4,323.45,0.15
32,30012,2009,3,80.95,0.0
33,30012,2006,4,192.21,0.05
34,30012,2020,1,277.71,0.05
35,30012,2018,5,148.89,0.0
36,30013,2011,5,71.73,0.0
37,30013,2004,5,141.54,0.2
38,30014,2009,2,80.95,0.05
39,30015,2019,2,203.85,0.1
40,30015,2035,1,249.21,0.05
41,30015,2031,3,77.89,0.2
42,30015,2032,2,87.69,0.0
43,30016,2002,2,258.15,0.0
44,30016,2017,5,86.5,0.0
45,30017,2001,3,59.84,0.05
46,30017,2004,2,141.54,0.05
47,30017,2012,1,115.04,0.15
48,30017,2028,1,114.37,0.05
49,30018,2007,2,268.69,0.05
50,30019,2019,2,203.85,0.0
51,30019,2011,5,71.73,0.0
52,30019,2003,2,76.84,0.15
53,30019,2002,1,258.15,0.1
54,30020,2030,4,300.56,0.0
55,30020,2025,5,350.06,0.0
56,30020,2033,5,151.34,0.05
57,30020,2016,5,187.01,0.05
58,30021,2027,1,29.13,0.2
59,30021,2032,2,87.69,0.05
60,30021,2012,1,115.04,0.0
61,30021,2009,2,80.95,0.0
62,30022,2020,4,277.71,0.1
63,30022,2024,3,37.29,0.05
64,30023,2014,2,40.04,0.0
65,30024,2028,4,114.37,0.05
66,30024,2024,5,37.29,0.0
67,30024,2014,5,40.04,0.05
68,30024,2014,2,40.04,0.15
69,30025,2022,4,320.77,0.2
70,30025,2022,5,320.77,0.15
71,30025,2025,1,350.06,0.1
72,30025,2020,2,277.71,0.05
73,30026,2032,5,87.69,0.0
74,30026,2005,4,359.23,0.0
75,30026,2014,4,40.04,0.0
76,30027,2023,5,253.02,0.0
77,30028,2015,4,52.65,0.15
78,30028,2034,5,196.39,0.0
79,30028,2023,3,253.02,0.0
80,30028,2033,5,151.34,0.1
81,30029,2028,3,114.37,0.0
82,30030,2023,5,253.02,0.2
83,30030,2035,5,249.21,0.05
84,30031,2025,2,350.06,0.05
85,30031,2027,1,29.13,0.0
86,30032,2020,4,277.71,0.0
87,30033,2024,3,37.29,0.05
88,30033,2026,3,368.74,0.15
89,30033,2003,1,76.84,0.0
90,30034,2001,1,59.84,0.0
91,30035,2006,5,192.21,0.1
92,30035,2033,3,151.34,0.1
93,30035,2005,3,359.23,0.0
94,30035,2020,5,277.71,0.0
95,30036,2004,3,141.54,0.0
96,30036,2027,5,29.13,0.1
97,30036,2013,4,74.92,0.1
98,30037,2022,3,320.77,0.0
99,30037,2008,2,73.07,0.05
100,30037,2026,3,368.74,0.0
101,30037,2009,4,80.95,0.05
102,30038,2012,3,115.04,0.05
103,30038,2027,3,29.13,0.0
104,30038,2019,4,203.85,0.0
105,30038,2028,1,114.37,0.2
106,30039,2007,3,268.69,0.15
107,30039,2004,1,141.54,0.1
108,30039,2012,3,115.04,0.2
109,30039,2024,1,37.29,0.2
110,30040,2004,3,141.54,0.15
111,30041,2011,4,71.73,0.15
112,30041,2023,5,253.02,0.0
113,30041,2028,3,114.37,0.2
114,30042,2025,5,350.06,0.0
115,30042,2014,3,40.04,0.05
116,30043,2003,4,76.84,0.0
117,30044,2025,3,350.06,0.0
118,30044,2023,1,253.02,0.2
119,30044,2022,1,320.77,0.2
120,30045,2010,2,21.14,0.0
121,30046,2027,4,29.13,0.0
122,30046,2034,4,196.39,0.1
123,30046,2026,4,368.74,0.05
124,30046,2030,2,300.56,0.15
125,30047,2008,5,73.07,0.0
126,30047,2027,1,29.13,0.0
127,30047,2029,3,323.45,0.0
128,30048,2031,4,77.89,0.05
129,30048,2026,1,368.74,0.1
130,30048,2030,3,300.56,0.1
131,30049,2030,4,300.56,0.1
132,30049,2007,5,268.69,0.0
133,30049,2026,2,368.74,0.0
134,30049,2006,4,192.21,0.0
135,30050,2019,5,203.85,0.0
136,30050,2030,1,300.56,0.15
137,30051,2012,3,115.04,0.0
138,30051,2021,4,20.53,0.1
139,30052,2015,2,52.65,0.05
140,30053,2018,3,148.89,0.0
141,30054,2033,4,151.34,0.0
142,30054,2011,4,71.73,0.0
143,30055,2034,5,196.39,0.0
144,30055,2002,4,258.15,0.15
145,30055,2025,1,350.06,0.0
146,30055,2016,4,187.01,0.0
147,30056,2009,2,80.95,0.0
148,30056,2032,5,87.69,0.05
149,30056,2032,3,87.69,0.0
150,30057,2015,5,52.65,0.0
151,30057,2003,3,76.84,0.1
152,30057,2029,3,323.45,0.0
153,30058,2013,5,74.92,0.0
154,30058,2008,2,73.07,0.0
155,30058,2004,3,141.54,0.0
156,30059,2008,5,73.07,0.2
157,30060,2014,5,40.04,0.0
158,30061,2015,2,52.65,0.0
159,30061,2024,1,37.29,0.05
160,30061,2001,2,59.84,0.2
161,30062,2008,1,73.07,0.0
162,30062,2012,1,115.04,0.0
163,30063,2014,1,40.04,0.0
164,30063,2023,3,253.02,0.1
165,30064,2025,2,350.06,0.15
166,30065,2014,4,40.04,0.0
167,30065,2028,3,114.37,0.0
168,30065,2032,1,87.69,0.0
169,30066,2028,1,114.37,0.0
170,30066,2034,3,196.39,0.2
171,30066,2006,5,192.21,0.0
172,30066,2025,4,350.06,0.0
173,30067,2018,2,148.89,0.05
174,30067,2012,5,115.04,0.0
175,30067,2011,3,71.73,0.2
176,30068,2026,5,368.74,0.0
177,30069,2001,3,59.84,0.1
178,30070,2023,3,253.02,0.0
179,30070,2028,4,114.37,0.1
180,30071,2019,4,203.85,0.1
181,30072,2026,3,368.74,0.0
182,30073,2016,5,187.01,0.05
183,30073,2022,4,320.77,0.05
184,30073,2008,4,73.07,0.1
185,30074,2021,2,20.53,0.15
186,30074,2025,1,350.06,0.0
187,30075,2023,3,253.02,0.1
188,30075,2032,5,87.69,0.05
189,30075,2023,1,253.02,0.05
190,30076,2023,3,253.02,0.05
191,30076,2018,3,148.89,0.1
192,30076,2007,2,268.69,0.0
193,30077,2006,3,192.21,0.1
194,30077,2031,5,77.89,0.1
195,30077,2013,1,74.92,0.0
196,30078,2028,1,114.37,0.1
197,30079,2025,2,350.06,0.0
198,30079,2006,3,192.21,0.0
199,30080,2006,5,192.21,0.0
200,30080,2002,3,258.15,0.0
201,30081,2033,3,151.34,0.05
202,30081,2024,5,37.29,0.0
203,30081,2001,4,59.84,0.0
204,30082,2034,1,196.39,0.0
205,30083,2019,3,203.85,0.05
206,30084,2009,1,80.95,0.0
207,30084,2033,2,151.34,0.0
208,30085,2018,2,148.89,0.0
209,30085,2006,5,192.21,0.0
210,30085,2032,1,87.69,0.0
211,30085,2031,2,77.89,0.1
212,30086,2018,4,148.89,0.0
213,30087,2009,4,80.95,0.05
214,30088,2009,2,80.95,0.15
215,30089,2015,3,52.65,0.05
216,30089,2005,5,359.23,0.05
217,30089,2018,2,148.89,0.1
218,30089,2004,2,141.54,0.1
219,30090,2031,1,77.89,0.15
220,30091,2009,5,80.95,0.0
221,30091,2013,4,74.92,0.05
222,30091,2012,5,115.04,0.0
223,30091,2009,4,80.95,0.05
224,30092,2023,5,253.02,0.15
225,30092,2014,2,40.04,0.1
226,30093,2031,1,77.89,0.0
227,30093,2020,4,277.71,0.0
228,30093,2002,1,258.15,0.1
229,30094,2028,2,114.37,0.1
230,30094,2003,2,76.84,0.0
231,30094,2011,4,71.73,0.1
232,30095,2022,3,320.77,0.0
233,30095,2016,1,187.01,0.0
234,30095,2025,4,350.06,0.15
235,30096,2014,1,40.04,0.05
236,30096,2007,3,268.69,0.1
237,30096,2016,3,187.01,0.0
238,30097,2016,4,187.01,0.0
239,30097,2017,5,86.5,0.15
240,30097,2027,2,29.13,0.1
241,30097,2025,2,350.06,0.2
242,30098,2025,1,350.06,0.05
243,30099,2026,3,368.74,0.0
244,30099,2028,3,114.37,0.0
245,30099,2014,3,40.04,0.2
246,30100,2030,3,300.56,0.1
247,30101,2032,3,87.69,0.1
248,30101,2001,5,59.84,0.1
249,30101,2004,3,141.54,0.15
250,30101,2007,3,268.69,0.2
251,30102,2007,4,268.69,0.0
252,30102,2011,2,71.73,0.05
253,30102,2017,3,86.5,0.1
254,30102,2032,3,87.69,0.1
255,30103,2035,4,249.21,0.0
256,30103,2031,1,77.89,0.0
257,30104,2023,2,253.02,0.0
258,30104,2014,2,40.04,0.0
259,30104,2006,3,192.21,0.05
260,30104,2008,3,73.07,0.05
261,30105,2034,5,196.39,0.0
262,30106,2013,1,74.92,0.0
263,30106,2015,4,52.65,0.05
264,30107,2034,2,196.39,0.0
265,30108,2031,5,77.89,0.0
266,30109,2008,3,73.07,0.0
267,30109,2017,5,86.5,0.05
268,30110,2030,5,300.56,0.0
269,30110,2022,3,320.77,0.15
270,30110,2017,2,86.5,0.0
271,30110,2004,5,141.54,0.05
272,30111,2006,1,192.21,0.2
273,30111,2005,5,359.23,0.15
274,30112,2009,5,80.95,0.15
275,30112,2002,1,258.15,0.05
276,30112,2022,2,320.77,0.0
277,30112,2033,2,151.34,0.1
278,30113,2033,1,151.34,0.0
279,30113,2004,5,141.54,0.0
280,30113,2032,1,87.69,0.1
281,30114,2006,2,192.21,0.0
282,30115,2024,1,37.29,0.0
283,30115,2018,5,148.89,0.1
284,30116,2017,2,86.5,0.15
285,30116,2030,2,300.56,0.05
286,30116,2004,3,141.54,0.1
287,30117,2007,2,268.69,0.05
288,30117,2029,5,323.45,0.05
289,30118,2012,2,115.04,0.0
290,30119,2006,4,192.21,0.1
291,30119,2008,1,73.07,0.2
292,30119,2024,3,37.29,0.0
293,30120,2035,5,249.21,0.15
294,30121,2029,3,323.45,0.0
295,30121,2034,1,196.39,0.2
296,30121,2018,2,148.89,0.0
297,30121,2014,1,40.04,0.15
298,30122,2022,3,320.77,0.05
299,30122,2019,1,203.85,0.0
300,30122,2035,2,249.21,0.0
301,30122,2021,5,20.53,0.0
302,30123,2001,3,59.84,0.1
303,30124,2026,4,368.74,0.1
304,30124,2010,3,21.14,0.0
305,30124,2023,4,253.02,0.05
306,30124,2015,2,52.65,0.0
307,30125,2014,3,40.04,0.1
308,30125,2017,5,86.5,0.1
309,30125,2022,1,320.77,0.05
310,30125,2006,3,192.21,0.0
311,30126,2033,2,151.34,0.0
312,30127,2027,2,29.13,0.1
313,30127,2027,1,29.13,0.1
314,30127,2002,2,258.15,0.0
315,30128,2016,5,187.01,0.0
316,30128,2015,3,52.65,0.0
317,30128,2034,1,196.39,0.15
318,30129,2007,3,268.69,0.1
319,30129,2031,2,77.89,0.15
320,30129,2001,5,59.84,0.0
321,30130,2006,2,192.21,0.0
322,30130,2034,4,196.39,0.05
323,30130,2017,1,86.5,0.0
324,30130,2012,1,115.04,0.05
325,30131,2027,4,29.13,0.0
326,30131,2002,4,258.15,0.05
327,30132,2015,1,52.65,0.1
328,30133,2026,1,368.74,0.15
329,30133,2025,5,350.06,0.0
330,30134,2024,1,37.29,0.0
331,30135,2002,1,258.15,0.0
332,30136,2009,4,80.95,0.15
333,30136,2030,2,300.56,0.1
334,30136,2021,2,20.53,0.15
335,30136,2024,2,37.29,0.05
336,30137,2020,5,277.71,0.05
337,30137,2017,1,86.5,0.15
338,30138,2031,4,77.89,0.2
339,30139,2009,5,80.95,0.0
340,30139,2015,4,52.65,0.0
341,30139,2019,2,203.85,0.15
342,30139,2025,2,350.06,0.0
343,30140,2018,5,148.89,0.0
344,30140,2033,2,151.34,0.05
345,30140,2033,4,151.34,0.1
346,30140,2003,3,76.84,0.1
347,30141,2035,4,249.21,0.1
348,30141,2007,4,268.69,0.1
349,30142,2001,1,59.84,0.0
350,30143,2016,2,187.01,0.05
351,30143,2028,4,114.37,0.0
352,30144,2014,3,40.04,0.0
353,30145,2007,1,268.69,0.1
354,30145,2020,3,277.71,0.2
355,30146,2026,3,368.74,0.05
356,30147,2030,1,300.56,0.15
357,30147,2033,5,151.34,0.05
358,30147,2034,4,196.39,0.0
359,30147,2028,4,114.37,0.0
360,30148,2009,5,80.95,0.05
361,30148,2002,4,258.15,0.15
362,30149,2003,4,76.84,0.1
363,30149,2014,3,40.04,0.0
364,30150,2006,5,192.21,0.15
365,30151,2018,4,148.89,0.15
366,30151,2030,5,300.56,0.0
367,30152,2032,3,87.69,0.0
368,30152,2027,5,29.13,0.0
369,30152,2007,3,268.69,0.1
370,30153,2003,2,76.84,0.1
371,30153,2009,3,80.95,0.0
372,30153,2017,2,86.5,0.0
373,30154,2011,2,71.73,0.05
374,30155,2014,2,40.04,0.15
375,30155,2034,1,196.39,0.1
376,30155,2017,1,86.5,0.1
377,30156,2001,4,59.84,0.0
378,30156,2013,2,74.92,0.0
379,30156,2022,1,320.77,0.2
380,30157,2019,2,203.85,0.0
381,30158,2034,5,196.39,0.05
382,30158,2012,1,115.04,0.0
383,30159,2011,4,71.73,0.05
384,30159,2010,5,21.14,0.1
385,30160,2029,2,323.45,0.0
386,30160,2014,2,40.04,0.0
387,30160,2021,4,20.53,0.0
388,30160,2020,1,277.71,0.0
389,30161,2022,4,320.77,0.15
390,30161,2006,1,192.21,0.05
391,30162,2024,3,37.29,0.0
392,30162,2008,5,73.07,0.05
393,30163,2024,1,37.29,0.0
394,30164,2028,1,114.37,0.0
395,30164,2012,2,115.04,0.0
396,30164,2032,2,87.69,0.05
397,30164,2011,2,71.73,0.0
398,30165,2023,5,253.02,0.1
399,30165,2007,1,268.69,0.15
400,30165,2018,1,148.89,0.0
401,30165,2020,3,277.71,0.15
402,30166,2018,5,148.89,0.15
403,30167,2010,4,21.14,0.2
404,30168,2026,4,368.74,0.05
405,30168,2013,1,74.92,0.0
406,30169,2018,5,148.89,0.0
407,30169,2023,3,253.02,0.0
408,30169,2001,4,59.84,0.15
409,30170,2008,2,73.07,0.15
410,30171,2026,5,368.74,0.0
411,30172,2026,3,368.74,0.0
412,30172,2012,2,115.04,0.0
413,30172,2028,2,114.37,0.0
414,30173,2012,2,115.04,0.0
415,30173,2007,2,268.69,0.15
416,30174,2016,4,187.01,0.1
417,30174,2015,5,52.65,0.05
418,30174,2011,2,71.73,0.1
419,30174,2015,2,52.65,0.0
420,30175,2028,3,114.37,0.0
421,30175,2021,1,20.53,0.0
422,30175,2026,5,368.74,0.0
423,30176,2021,5,20.53,0.0
424,30177,2013,3,74.92,0.0
425,30177,2004,5,141.54,0.0
426,30177,2012,2,115.04,0.1
427,30178,2033,4,151.34,0.05
428,30178,2005,4,359.23,0.0
429,30178,2035,5,249.21,0.2
430,30178,2034,5,196.39,0.0
431,30179,2014,3,40.04,0.15
432,30180,2033,1,151.34,0.1
433,30180,2010,3,21.14,0.1
434,30180,2015,5,52.65,0.0
435,30180,2010,4,21.14,0.2
436,30181,2018,4,148.89,0.2
437,30181,2012,2,115.04,0.1
438,30181,2003,1,76.84,0.15
439,30182,2035,1,249.21,0.0
440,30182,2014,4,40.04,0.0
441,30183,2015,4,52.65,0.0
442,30183,2012,4,115.04,0.0
443,30183,2001,2,59.84,0.0
444,30184,2027,3,29.13,0.05
445,30184,2026,1,368.74,0.0
446,30184,2023,4,253.02,0.1
447,30185,2004,2,141.54,0.15
448,30186,2031,3,77.89,0.05
449,30186,2024,1,37.29,0.1
450,30186,2016,1,187.01,0.1
451,30186,2015,3,52.65,0.0
452,30187,2030,4,300.56,0.0
453,30187,2003,1,76.84,0.0
454,30187,2012,5,115.04,0.0
455,30187,2031,4,77.89,0.0
456,30188,2020,4,277.71,0.0
457,30188,2021,1,20.53,0.0
458,30188,2013,3,74.92,0.0
459,30189,2014,4,40.04,0.0
460,30189,2019,5,203.85,0.0
461,30190,2004,3,141.54,0.15
462,30191,2010,2,21.14,0.0
463,30192,2005,2,359.23,0.0
464,30192,2027,4,29.13,0.1
465,30192,2021,1,20.53,0.1
466,30193,2014,5,40.04,0.1
467,30193,2009,1,80.95,0.1
468,30193,2031,4,77.89,0.05
469,30194,2019,4,203.85,0.05
470,30194,2013,1,74.92,0.05
471,30195,2010,1,21.14,0.15
472,30195,2027,5,29.13,0.2
473,30195,2016,4,187.01,0.0
474,30196,2025,4,350.06,0.0
475,30196,2021,2,20.53,0.0
476,30197,2029,3,323.45,0.0
477,30198,2003,2,76.84,0.05
478,30199,2003,1,76.84,0.0
479,30200,2020,4,277.71,0.0
480,30200,2034,5,196.39,0.0
481,30201,2023,3,253.02,0.0
482,30201,2023,1,253.02,0.0
483,30201,2002,3,258.15,0.2
484,30201,2007,2,268.69,0.2
485,30202,2009,1,80.95,0.0
486,30202,2002,4,258.15,0.1
487,30202,2005,2,359.23,0.0
488,30202,2007,1,268.69,0.15
489,30203,2004,1,141.54,0.15
490,30203,2012,4,115.04,0.05
491,30203,2009,4,80.95,0.05
492,30203,2014,5,40.04,0.05
493,30204,2019,4,203.85,0.0
494,30205,2024,3,37.29,0.0
495,30205,2017,1,86.5,0.0
496,30206,2009,4,80.95,0.0
497,30206,2035,3,249.21,0.0
498,30206,2012,4,115.04,0.0
499,30206,2001,2,59.84,0.0
500,30207,2032,4,87.69,0.05
501,30207,2032,3,87.69,0.1
502,30207,2029,2,323.45,0.15
503,30208,2031,2,77.89,0.0
504,30208,2018,4,148.89,0.0
505,30209,2009,3,80.95,0.1
506,30209,2008,3,73.07,0.2
507,30209,2005,4,359.23,0.1
508,30210,2020,1,277.71,0.15
509,30210,2002,3,258.15,0.0
510,30210,2031,4,77.89,0.0
511,30211,2004,1,141.54,0.0
512,30211,2031,4,77.89,0.2
513,30211,2012,2,115.04,0.1
514,30212,2030,4,300.56,0.2
515,30212,2004,1,141.54,0.1
516,30212,2034,2,196.39,0.05
517,30213,2034,4,196.39,0.1
518,30213,2006,2,192.21,0.0
519,30214,2003,3,76.84,0.0
520,30214,2010,3,21.14,0.0
521,30214,2012,5,115.04,0.0
522,30214,2007,5,268.69,0.05
523,30215,2010,1,21.14,0.0
524,30215,2019,5,203.85,0.1
525,30215,2009,3,80.95,0.05
526,30215,2021,4,20.53,0.15
527,30216,2003,4,76.84,0.0
528,30216,2035,4,249.21,0.0
529,30216,2013,4,74.92,0.1
530,30217,2027,1,29.13,0.0
531,30218,2035,1,249.21,0.1
532,30219,2013,4,74.92,0.0
533,30220,2026,3,368.74,0.1
534,30220,2035,4,249.21,0.0
535,30220,2024,5,37.29,0.1
536,30220,2013,1,74.92,0.0
537,30221,2012,5,115.04,0.15
538,30222,2016,5,187.01,0.0
539,30223,2005,2,359.23,0.05
540,30223,2007,5,268.69,0.05
541,30223,2034,3,196.39,0.0
542,30223,2011,5,71.73,0.0
543,30224,2006,1,192.21,0.0
544,30224,2020,1,277.71,0.0
545,30225,2025,4,350.06,0.0
546,30225,2017,5,86.5,0.15
547,30225,2023,3,253.02,0.05
548,30225,2002,4,258.15,0.0
549,30226,2029,5,323.45,0.1
550,30226,2033,2,151.34,0.05
551,30226,2018,5,148.89,0.15
552,30226,2031,2,77.89,0.0
553,30227,2018,1,148.89,0.0
554,30227,2035,2,249.21,0.15
555,30227,2030,5,300.56,0.0
556,30228,2005,4,359.23,0.15
557,30228,2020,5,277.71,0.0
558,30228,2027,2,29.13,0.0
559,30229,2005,4,359.23,0.05
560,30229,2015,2,52.65,0.05
561,30230,2009,5,80.95,0.15
562,30230,2004,3,141.54,0.1
563,30230,2029,4,323.45,0.05
564,30231,2011,3,71.73,0.0
565,30231,2031,2,77.89,0.0
566,30232,2018,3,148.89,0.05
567,30232,2035,3,249.21,0.05
568,30232,2001,1,59.84,0.1
569,30233,2003,3,76.84,0.0
570,30233,2010,5,21.14,0.15
571,30233,2034,4,196.39,0.1
572,30233,2031,2,77.89,0.0
573,30234,2021,1,20.53,0.0
574,30234,2003,2,76.84,0.05
575,30234,2026,5,368.74,0.1
576,30234,2026,4,368.74,0.0
577,30235,2015,3,52.65,0.0
578,30236,2003,4,76.84,0.1
579,30236,2013,3,74.92,0.0
580,30236,2027,2,29.13,0.0
581,30236,2025,3,350.06,0.0
582,30237,2007,5,268.69,0.0
583,30238,2021,4,20.53,0.05
584,30238,2031,2,77.89,0.0
585,30239,2009,2,80.95,0.1
586,30239,2016,4,187.01,0.0
587,30239,2022,1,320.77,0.15
588,30239,2016,4,187.01,0.0
589,30240,2014,5,40.04,0.0
590,30240,2009,1,80.95,0.05
591,30240,2024,5,37.29,0.0
592,30241,2028,4,114.37,0.1
593,30241,2029,5,323.45,0.15
594,30241,2027,2,29.13,0.0
595,30242,2009,5,80.95,0.05
596,30243,2010,2,21.14,0.0
597,30243,2003,5,76.84,0.0
598,30243,2002,2,258.15,0.1
599,30244,2002,4,258.15,0.05
600,30244,2020,4,277.71,0.05
601,30244,2017,3,86.5,0.2
602,30245,2030,1,300.56,0.0
603,30245,2011,4,71.73,0.0
604,30245,2013,1,74.92,0.0
605,30245,2010,3,21.14,0.2
606,30246,2016,3,187.01,0.05
607,30246,2015,1,52.65,0.0
608,30246,2001,2,59.84,0.0
609,30246,2005,3,359.23,0.0
610,30247,2018,2,148.89,0.0
611,30247,2023,3,253.02,0.0
612,30247,2012,1,115.04,0.15
613,30248,2015,2,52.65,0.15
614,30249,2032,4,87.69,0.05
615,30249,2032,4,87.69,0.05
616,30249,2035,4,249.21,0.0
617,30250,2016,2,187.01,0.05
618,30251,2022,3,320.77,0.1
619,30252,2004,4,141.54,0.0
620,30253,2016,1,187.01,0.0
621,30253,2002,5,258.15,0.0
622,30254,2029,2,323.45,0.0
623,30254,2016,4,187.01,0.05
624,30254,2009,1,80.95,0.0
625,30254,2014,3,40.04,0.1
626,30255,2020,2,277.71,0.0
627,30255,2019,3,203.85,0.15
628,30256,2004,4,141.54,0.0
629,30256,2014,4,40.04,0.0
630,30256,2017,2,86.5,0.15
631,30256,2010,3,21.14,0.0
632,30257,2009,1,80.95,0.0
633,30258,2018,1,148.89,0.0
634,30258,2029,5,323.45,0.0
635,30258,2025,2,350.06,0.0
636,30258,2029,4,323.45,0.05
637,30259,2016,3,187.01,0.05
638,30260,2018,2,148.89,0.0
639,30260,2025,1,350.06,0.0
640,30260,2004,1,141.54,0.2
641,30261,2008,4,73.07,0.1
642,30262,2005,5,359.23,0.2
643,30263,2033,3,151.34,0.0
644,30263,2012,5,115.04,0.1
645,30263,2030,1,300.56,0.0
646,30263,2003,4,76.84,0.0
647,30264,2035,1,249.21,0.0
648,30265,2031,4,77.89,0.1
649,30265,2032,2,87.69,0.0
650,30266,2010,3,21.14,0.0
651,30267,2030,3,300.56,0.2
652,30267,2026,1,368.74,0.1
653,30268,2006,3,192.21,0.0
654,30269,2012,1,115.04,0.1
655,30270,2034,2,196.39,0.0
656,30270,2022,5,320.77,0.0
657,30270,2030,2,300.56,0.0
658,30271,2020,1,277.71,0.05
659,30272,2015,3,52.65,0.0
660,30272,2032,2,87.69,0.0
661,30272,2019,2,203.85,0.0
662,30273,2033,3,151.34,0.15
663,30273,2033,2,151.34,0.0
664,30273,2008,5,73.07,0.0
665,30274,2005,1,359.23,0.0
666,30275,2015,5,52.65,0.0
667,30275,2023,1,253.02,0.0
668,30276,2030,2,300.56,0.0
669,30276,2033,2,151.34,0.0
670,30277,2002,1,258.15,0.15
671,30278,2024,2,37.29,0.05
672,30278,2008,4,73.07,0.0
673,30279,2029,2,323.45,0.15
674,30279,2022,2,320.77,0.05
675,30279,2035,3,249.21,0.0
676,30280,2025,5,350.06,0.0
677,30280,2010,5,21.14,0.0
678,30280,2009,4,80.95,0.0
679,30281,2034,3,196.39,0.15
680,30282,2003,2,76.84,0.2
681,30282,2006,1,192.21,0.1
682,30282,2018,1,148.89,0.0
683,30283,2003,3,76.84,0.0
684,30284,2005,1,359.23,0.05
685,30284,2029,2,323.45,0.0
686,30284,2002,5,258.15,0.0
687,30284,2024,3,37.29,0.05
688,30285,2029,3,323.45,0.05
689,30285,2015,4,52.65,0.0
690,30285,2016,2,187.01,0.0
691,30286,2002,2,258.15,0.1
692,30286,2026,5,368.74,0.0
693,30286,2014,1,40.04,0.0
694,30286,2003,2,76.84,0.15
695,30287,2023,5,253.02,0.1
696,30287,2021,3,20.53,0.2
697,30288,2028,5,114.37,0.05
698,30288,2003,4,76.84,0.1
699,30289,2022,5,320.77,0.0
700,30289,2011,5,71.73,0.0
701,30290,2002,1,258.15,0.0
702,30291,2028,4,114.37,0.0
703,30291,2023,1,253.02,0.0
704,30292,2027,3,29.13,0.0
705,30293,2021,2,20.53,0.0
706,30294,2021,5,20.53,0.1
707,30295,2020,2,277.71,0.0
708,30296,2032,2,87.69,0.0
709,30297,2003,1,76.84,0.05
710,30298,2013,3,74.92,0.05
711,30299,2035,4,249.21,0.1
712,30300,2022,5,320.77,0.0
713,30300,2003,4,76.84,0.2
714,30301,2005,1,359.23,0.0
715,30301,2020,4,277.71,0.1
716,30301,2012,5,115.04,0.15
717,30302,2025,4,350.06,0.0
718,30302,2023,2,253.02,0.05
719,30302,2032,2,87.69,0.1
720,30303,2005,1,359.23,0.1
721,30304,2018,4,148.89,0.05
722,30304,2016,3,187.01,0.0
723,30305,2029,5,323.45,0.0
724,30305,2033,1,151.34,0.0
725,30306,2017,2,86.5,0.05
726,30306,2020,3,277.71,0.1
727,30306,2013,2,74.92,0.0
728,30307,2033,2,151.34,0.05
729,30307,2032,5,87.69,0.1
730,30308,2027,3,29.13,0.05
731,30308,2034,4,196.39,0.05
732,30308,2010,2,21.14,0.1
733,30309,2027,2,29.13,0.0
734,30309,2030,1,300.56,0.0
735,30309,2016,3,187.01,0.05
736,30310,2012,3,115.04,0.0
737,30310,2017,1,86.5,0.0
738,30310,2027,4,29.13,0.1
739,30310,2009,4,80.95,0.05
740,30311,2003,4,76.84,0.1
741,30311,2033,1,151.34,0.2
742,30312,2034,5,196.39,0.15
743,30313,2007,2,268.69,0.0
744,30313,2031,5,77.89,0.0
745,30314,2014,4,40.04,0.0
746,30315,2024,5,37.29,0.05
747,30315,2027,1,29.13,0.0
748,30315,2018,2,148.89,0.15
749,30315,2009,4,80.95,0.0
750,30316,2020,2,277.71,0.05
751,30316,2030,5,300.56,0.0
752,30316,2011,1,71.73,0.1
753,30316,2030,3,300.56,0.0
754,30317,2015,5,52.65,0.05
755,30317,2026,4,368.74,0.0
756,30317,2015,4,52.65,0.0
757,30318,2023,3,253.02,0.1
758,30318,2011,4,71.73,0.0
759,30319,2008,5,73.07,0.0
760,30319,2018,2,148.89,0.0
761,30319,2010,3,21.14,0.2
762,30320,2012,3,115.04,0.0
763,30320,2014,4,40.04,0.05
764,30320,2025,5,350.06,0.1
765,30321,2019,5,203.85,0.0
766,30321,2032,2,87.69,0.1
767,30321,2005,4,359.23,0.0
768,30322,2009,1,80.95,0.2
769,30322,2021,2,20.53,0.0
770,30322,2008,3,73.07,0.0
771,30322,2017,3,86.5,0.0
772,30323,2022,3,320.77,0.15
773,30323,2012,5,115.04,0.0
774,30324,2023,5,253.02,0.0
775,30324,2007,4,268.69,0.0
776,30324,2030,1,300.56,0.0
777,30325,2024,3,37.29,0.0
778,30325,2024,2,37.29,0.2
779,30326,2011,1,71.73,0.15
780,30326,2012,1,115.04,0.2
781,30326,2007,5,268.69,0.15
782,30327,2035,4,249.21,0.2
783,30327,2028,3,114.37,0.0
784,30328,2028,2,114.37,0.15
785,30328,2008,4,73.07,0.0
786,30329,2033,1,151.34,0.0
787,30330,2026,1,368.74,0.1
788,30330,2007,4,268.69,0.1
789,30330,2028,5,114.37,0.0
790,30330,2004,2,141.54,0.1
791,30331,2025,4,350.06,0.0
792,30331,2031,2,77.89,0.2
793,30331,2019,4,203.85,0.05
794,30331,2003,5,76.84,0.0
795,30332,2019,2,203.85,0.05
796,30332,2018,1,148.89,0.0
797,30333,2025,4,350.06,0.0
798,30333,2025,3,350.06,0.15
799,30334,2016,3,187.01,0.0
800,30334,2004,3,141.54,0.0
801,30334,2028,5,114.37,0.05
802,30335,2033,2,151.34,0.0
803,30335,2022,3,320.77,0.0
804,30336,2011,2,71.73,0.0
805,30336,2006,3,192.21,0.0
806,30337,2029,3,323.45,0.0
807,30337,2009,2,80.95,0.0
808,30337,2010,2,21.14,0.2
809,30337,2008,5,73.07,0.05
810,30338,2006,4,192.21,0.05
811,30339,2019,3,203.85,0.0
812,30340,2033,5,151.34,0.0
813,30340,2008,1,73.07,0.0
814,30340,2009,3,80.95,0.2
815,30340,2015,5,52.65,0.2
816,30341,2025,3,350.06,0.0
817,30341,2024,2,37.29,0.0
818,30342,2008,3,73.07,0.05
819,30342,2008,5,73.07,0.0
820,30342,2034,4,196.39,0.15
821,30343,2016,5,187.01,0.0
822,30344,2029,5,323.45,0.05
823,30344,2021,5,20.53,0.0
824,30344,2013,1,74.92,0.0
825,30344,2008,2,73.07,0.05
826,30345,2003,3,76.84,0.0
827,30346,2025,3,350.06,0.0
828,30347,2026,1,368.74,0.0
829,30347,2004,5,141.54,0.0
830,30347,2035,5,249.21,0.05
831,30347,2023,4,253.02,0.1
832,30348,2022,5,320.77,0.2
833,30348,2033,2,151.34,0.1
834,30348,2012,3,115.04,0.05
835,30349,2026,1,368.74,0.0
836,30349,2013,4,74.92,0.15
837,30350,2017,2,86.5,0.0
838,30350,2029,2,323.45,0.05
839,30350,2027,1,29.13,0.1
840,30350,2012,5,115.04,0.0
841,30351,2032,3,87.69,0.05
842,30351,2021,5,20.53,0.1
843,30351,2005,5,359.23,0.05
844,30351,2025,3,350.06,0.0
845,30352,2007,3,268.69,0.2
846,30352,2022,1,320.77,0.1
847,30352,2033,1,151.34,0.2
848,30353,2027,4,29.13,0.15
849,30353,2029,2,323.45,0.15
850,30353,2017,3,86.5,0.05
851,30353,2008,5,73.07,0.0
852,30354,2026,4,368.74,0.0
853,30354,2017,1,86.5,0.0
854,30354,2012,1,115.04,0.1
855,30354,2015,2,52.65,0.15
856,30355,2035,2,249.21,0.0
857,30355,2005,2,359.23,0.0
858,30355,2025,2,350.06,0.0
859,30355,2031,3,77.89,0.0
860,30356,2012,5,115.04,0.1
861,30357,2020,5,277.71,0.0
862,30357,2029,3,323.45,0.05
863,30357,2014,5,40.04,0.05
864,30358,2033,3,151.34,0.05
865,30358,2034,2,196.39,0.2
866,30358,2023,1,253.02,0.1
867,30359,2020,2,277.71,0.2
868,30359,2030,1,300.56,0.2
869,30359,2035,4,249.21,0.1
870,30360,2027,3,29.13,0.0
871,30361,2023,2,253.02,0.0
872,30362,2034,4,196.39,0.05
873,30362,2012,5,115.04,0.1
874,30363,2018,5,148.89,0.05
875,30363,2019,2,203.85,0.0
876,30363,2012,5,115.04,0.0
877,30364,2001,1,59.84,0.2
878,30364,2024,1,37.29,0.0
879,30365,2017,5,86.5,0.0
880,30365,2033,2,151.34,0.15
881,30366,2012,3,115.04,0.1
882,30367,2028,1,114.37,0.0
883,30367,2019,2,203.85,0.15
884,30367,2024,1,37.29,0.15
885,30367,2007,3,268.69,0.05
886,30368,2013,2,74.92,0.0
887,30368,2011,2,71.73,0.0
888,30368,2011,5,71.73,0.1
889,30368,2016,5,187.01,0.15
890,30369,2019,5,203.85,0.15
891,30370,2011,5,71.73,0.0
892,30371,2019,3,203.85,0.15
893,30372,2002,3,258.15,0.05
894,30372,2006,1,192.21,0.05
895,30372,2028,1,114.37,0.0
896,30373,2001,3,59.84,0.0
897,30373,2010,4,21.14,0.1
898,30373,2001,5,59.84,0.0
899,30374,2003,2,76.84,0.0
900,30375,2027,1,29.13,0.0
901,30375,2029,4,323.45,0.2
902,30375,2017,5,86.5,0.0
903,30376,2022,5,320.77,0.0
904,30376,2006,4,192.21,0.0
905,30376,2025,2,350.06,0.05
906,30377,2033,4,151.34,0.05
907,30377,2016,4,187.01,0.0
908,30377,2008,3,73.07,0.15
909,30377,2033,2,151.34,0.1
910,30378,2010,2,21.14,0.0
911,30378,2027,5,29.13,0.0
912,30378,2026,5,368.74,0.1
913,30378,2014,3,40.04,0.0
914,30379,2030,3,300.56,0.0
915,30379,2014,4,40.04,0.0
916,30379,2029,3,323.45,0.05
917,30380,2021,1,20.53,0.2
918,30381,2011,1,71.73,0.05
919,30381,2010,2,21.14,0.0
920,30381,2006,4,192.21,0.15
921,30381,2023,3,253.02,0.1
922,30382,2006,1,192.21,0.0
923,30383,2024,1,37.29,0.0
924,30383,2026,3,368.74,0.0
925,30384,2006,3,192.21,0.05
926,30384,2012,3,115.04,0.0
927,30385,2007,3,268.69,0.1
928,30385,2031,1,77.89,0.15
929,30386,2024,1,37.29,0.15
930,30387,2010,4,21.14,0.05
931,30387,2015,3,52.65,0.05
932,30387,2006,3,192.21,0.0
933,30388,2015,5,52.65,0.15
934,30388,2010,1,21.14,0.15
935,30388,2007,2,268.69,0.0
936,30389,2024,2,37.29,0.0
937,30390,2026,2,368.74,0.1
938,30390,2001,2,59.84,0.0
939,30391,2002,5,258.15,0.1
940,30391,2023,5,253.02,0.1
941,30391,2012,4,115.04,0.0
942,30392,2033,4,151.34,0.0
943,30392,2024,4,37.29,0.0
944,30393,2016,5,187.01,0.0
945,30394,2002,1,258.15,0.0
946,30394,2035,3,249.21,0.05
947,30395,2028,5,114.37,0.05
948,30396,2010,3,21.14,0.1
949,30396,2012,2,115.04,0.1
950,30396,2032,2,87.69,0.1
951,30396,2001,5,59.84,0.1
952,30397,2017,4,86.5,0.0
953,30397,2022,2,320.77,0.15
954,30398,2009,4,80.95,0.05
955,30399,2004,1,141.54,0.0
956,30399,2022,2,320.77,0.1
957,30399,2009,3,80.95,0.1
958,30399,2007,5,268.69,0.05
959,30400,2019,5,203.85,0.0
960,30400,2026,5,368.74,0.05
961,30400,2002,4,258.15,0.0
962,30401,2010,4,21.14,0.05
963,30401,2013,1,74.92,0.0
964,30401,2024,2,37.29,0.0
965,30402,2019,1,203.85,0.05
966,30402,2010,1,21.14,0.15
967,30403,2015,3,52.65,0.0
968,30404,2022,1,320.77,0.05
969,30405,2023,4,253.02,0.0
970,30405,2006,2,192.21,0.2
971,30405,2033,3,151.34,0.05
972,30405,2031,2,77.89,0.1
973,30406,2014,4,40.04,0.0
974,30407,2008,2,73.07,0.0
975,30407,2021,4,20.53,0.1
976,30407,2016,4,187.01,0.0
977,30408,2029,2,323.45,0.05
978,30408,2018,1,148.89,0.0
979,30408,2001,4,59.84,0.0
980,30408,2020,2,277.71,0.1
981,30409,2033,2,151.34,0.0
982,30409,2010,4,21.14,0.0
983,30410,2005,1,359.23,0.0
984,30411,2017,1,86.5,0.0
985,30411,2014,3,40.04,0.05
986,30411,2032,3,87.69,0.05
987,30412,2031,1,77.89,0.1
988,30412,2010,5,21.14,0.05
989,30412,2005,1,359.23,0.05
990,30412,2009,2,80.95,0.0
991,30413,2025,3,350.06,0.1
992,30413,2023,4,253.02,0.05
993,30413,2010,2,21.14,0.1
994,30413,2002,2,258.15,0.0
995,30414,2008,2,73.07,0.0
996,30415,2008,2,73.07,0.15
997,30416,2019,3,203.85,0.05
998,30416,2020,4,277.71,0.15
999,30417,2010,2,21.14,0.0
1000,30418,2031,2,77.89,0.0
1001,30419,2006,4,192.21,0.0
1002,30420,2017,3,86.5,0.1
1003,30420,2006,5,192.21,0.05
1004,30420,2030,1,300.56,0.15
1005,30420,2007,2,268.69,0.0
1006,30421,2019,2,203.85,0.0
1007,30422,2023,5,253.02,0.0
1008,30422,2002,1,258.15,0.2
1009,30422,2035,1,249.21,0.0
1010,30422,2021,2,20.53,0.15
1011,30423,2002,2,258.15,0.0
1012,30424,2001,1,59.84,0.0
1013,30425,2035,2,249.21,0.0
1014,30425,2014,4,40.04,0.0
1015,30425,2016,3,187.01,0.05
1016,30425,2003,5,76.84,0.15
1017,30426,2014,2,40.04,0.0
1018,30426,2031,2,77.89,0.0
1019,30426,2018,1,148.89,0.0
1020,30427,2008,4,73.07,0.05
1021,30427,2003,3,76.84,0.1
1022,30427,2022,1,320.77,0.0
1023,30428,2009,5,80.95,0.0
1024,30428,2032,3,87.69,0.15
1025,30429,2011,4,71.73,0.0
1026,30430,2030,4,300.56,0.15
1027,30430,2027,5,29.13,0.15
1028,30430,2004,3,141.54,0.0
1029,30431,2004,4,141.54,0.0
1030,30432,2026,2,368.74,0.0
1031,30432,2028,2,114.37,0.0
1032,30432,2019,1,203.85,0.0
1033,30432,2028,5,114.37,0.0
1034,30433,2022,5,320.77,0.1
1035,30433,2033,5,151.34,0.0
1036,30434,2032,1,87.69,0.1
1037,30434,2030,5,300.56,0.1
1038,30434,2016,2,187.01,0.0
1039,30435,2008,4,73.07,0.0
1040,30435,2012,4,115.04,0.0
1041,30435,2016,3,187.01,0.05
1042,30436,2033,3,151.34,0.15
1043,30436,2018,4,148.89,0.0
1044,30436,2014,1,40.04,0.15
1045,30437,2007,4,268.69,0.0
1046,30437,2011,5,71.73,0.1
1047,30437,2025,4,350.06,0.1
1048,30438,2019,2,203.85,0.05
1049,30439,2008,1,73.07,0.1
1050,30440,2023,5,253.02,0.0
1051,30440,2025,5,350.06,0.2
1052,30441,2001,3,59.84,0.0
1053,30441,2014,4,40.04,0.05
1054,30441,2018,3,148.89,0.1
1055,30442,2001,3,59.84,0.05
1056,30442,2011,1,71.73,0.0
1057,30442,2019,1,203.85,0.0
1058,30443,2035,5,249.21,0.0
1059,30443,2030,4,300.56,0.0
1060,30443,2009,2,80.95,0.0
1061,30444,2002,3,258.15,0.15
1062,30444,2009,5,80.95,0.0
1063,30445,2017,4,86.5,0.1
1064,30445,2009,5,80.95,0.05
1065,30445,2015,3,52.65,0.1
1066,30446,2033,4,151.34,0.0
1067,30446,2010,4,21.14,0.05
1068,30446,2011,4,71.73,0.15
1069,30446,2030,4,300.56,0.0
1070,30447,2020,1,277.71,0.1
1071,30447,2025,3,350.06,0.05
1072,30447,2025,3,350.06,0.1
1073,30448,2014,1,40.04,0.0
1074,30449,2008,5,73.07,0.05
1075,30449,2035,3,249.21,0.0
1076,30449,2030,2,300.56,0.15
1077,30450,2014,1,40.04,0.0
1078,30450,2025,2,350.06,0.0
1079,30451,2014,5,40.04,0.0
1080,30451,2015,3,52.65,0.0
1081,30451,2002,3,258.15,0.15
1082,30451,2023,1,253.02,0.0
1083,30452,2004,5,141.54,0.05
1084,30452,2001,4,59.84,0.05
1085,30452,2032,1,87.69,0.05
1086,30453,2023,4,253.02,0.0
1087,30454,2002,4,258.15,0.0
1088,30454,2024,3,37.29,0.05
1089,30454,2015,2,52.65,0.0
1090,30454,2009,4,80.95,0.1
1091,30455,2017,4,86.5,0.0
1092,30456,2029,2,323.45,0.05
1093,30457,2006,4,192.21,0.0
1094,30457,2010,4,21.14,0.0
1095,30457,2007,2,268.69,0.05
1096,30458,2028,5,114.37,0.15
1097,30458,2015,5,52.65,0.05
1098,30459,2012,4,115.04,0.0
1099,30459,2028,5,114.37,0.0
1100,30459,2022,3,320.77,0.0
1101,30459,2030,1,300.56,0.0
1102,30460,2018,2,148.89,0.0
1103,30461,2030,2,300.56,0.15
1104,30461,2009,1,80.95,0.0
1105,30462,2035,1,249.21,0.0
1106,30462,2031,4,77.89,0.0
1107,30462,2035,5,249.21,0.0
1108,30463,2019,1,203.85,0.0
1109,30463,2021,2,20.53,0.0
1110,30463,2014,3,40.04,0.05
1111,30463,2015,4,52.65,0.0
1112,30464,2034,2,196.39,0.15
1113,30464,2009,3,80.95,0.05
1114,30464,2006,4,192.21,0.0
1115,30464,2013,3,74.92,0.15
1116,30465,2021,3,20.53,0.0
1117,30465,2024,2,37.29,0.2
1118,30465,2018,4,148.89,0.0
1119,30466,2017,4,86.5,0.0
1120,30467,2029,4,323.45,0.0
1121,30468,2003,2,76.84,0.0
1122,30468,2006,2,192.21,0.15
1123,30468,2027,1,29.13,0.1
1124,30469,2003,4,76.84,0.0
1125,30470,2015,2,52.65,0.1
1126,30470,2026,2,368.74,0.0
1127,30470,2019,5,203.85,0.0
1128,30471,2019,4,203.85,0.1
1129,30471,2024,2,37.29,0.0
1130,30471,2006,1,192.21,0.05
1131,30472,2005,1,359.23,0.0
1132,30472,2007,3,268.69,0.05
1133,30472,2015,5,52.65,0.0
1134,30473,2026,4,368.74,0.2
1135,30474,2004,1,141.54,0.2
1136,30475,2016,1,187.01,0.0
1137,30475,2010,1,21.14,0.15
1138,30476,2003,2,76.84,0.1
1139,30476,2002,4,258.15,0.05
1140,30476,2027,5,29.13,0.0
1141,30476,2027,2,29.13,0.0
1142,30477,2029,1,323.45,0.15
1143,30477,2022,3,320.77,0.0
1144,30477,2017,4,86.5,0.2
1145,30477,2026,5,368.74,0.0
1146,30478,2011,1,71.73,0.05
1147,30478,2013,5,74.92,0.0
1148,30478,2014,2,40.04,0.0
1149,30479,2032,2,87.69,0.0
1150,30479,2010,2,21.14,0.05
1151,30479,2021,4,20.53,0.1
1152,30479,2001,1,59.84,0.05
1153,30480,2013,3,74.92,0.15
1154,30480,2030,1,300.56,0.05
1155,30481,2001,4,59.84,0.1
1156,30481,2006,1,192.21,0.0
1157,30481,2001,2,59.84,0.2
1158,30481,2019,4,203.85,0.0
1159,30482,2002,1,258.15,0.0
1160,30482,2017,1,86.5,0.0
1161,30483,2003,3,76.84,0.0
1162,30483,2004,1,141.54,0.0
1163,30483,2015,1,52.65,0.0
1164,30483,2020,5,277.71,0.2
1165,30484,2030,2,300.56,0.0
1166,30484,2024,1,37.29,0.0
1167,30484,2017,1,86.5,0.0
1168,30484,2015,3,52.65,0.0
1169,30485,2031,3,77.89,0.0
1170,30485,2031,1,77.89,0.0
1171,30486,2021,2,20.53,0.1
1172,30486,2004,3,141.54,0.0
1173,30486,2025,3,350.06,0.2
1174,30487,2017,5,86.5,0.0
1175,30487,2035,1,249.21,0.05
1176,30487,2027,5,29.13,0.05
1177,30487,2035,4,249.21,0.0
1178,30488,2026,1,368.74,0.1
1179,30489,2017,5,86.5,0.1
1180,30489,2028,1,114.37,0.05
1181,30490,2002,1,258.15,0.1
1182,30490,2021,5,20.53,0.15
1183,30490,2011,5,71.73,0.0
1184,30491,2002,2,258.15,0.05
1185,30491,2013,1,74.92,0.0
1186,30491,2024,3,37.29,0.0
1187,30492,2019,1,203.85,0.1
1188,30493,2022,2,320.77,0.15
1189,30493,2002,2,258.15,0.05
1190,30494,2033,3,151.34,0.0
1191,30494,2007,5,268.69,0.0
1192,30494,2014,4,40.04,0.1
1193,30495,2019,1,203.85,0.15
1194,30495,2006,3,192.21,0.0
1195,30495,2017,4,86.5,0.05
1196,30495,2005,3,359.23,0.0
1197,30496,2003,2,76.84,0.0
1198,30496,2017,2,86.5,0.0
1199,30496,2012,1,115.04,0.1
1200,30496,2021,4,20.53,0.05
1201,30497,2003,5,76.84,0.0
1202,30497,2032,2,87.69,0.05
1203,30497,2015,5,52.65,0.0
1204,30497,2028,5,114.37,0.0
1205,30498,2004,1,141.54,0.1
1206,30499,2023,2,253.02,0.0
1207,30499,2031,3,77.89,0.0
1208,30500,2003,5,76.84,0.15
1209,30500,2025,1,350.06,0.0
1210,30500,2029,2,323.45,0.1
1211,30501,2014,2,40.04,0.05
1212,30502,2003,5,76.84,0.1
1213,30502,2004,5,141.54,0.1
1214,30503,2021,2,20.53,0.0
1215,30503,2035,3,249.21,0.15
1216,30503,2003,1,76.84,0.2
1217,30504,2019,1,203.85,0.15
1218,30504,2014,4,40.04,0.0
1219,30505,2012,3,115.04,0.05
1220,30506,2033,5,151.34,0.0
1221,30507,2016,1,187.01,0.05
1222,30507,2033,5,151.34,0.15
1223,30507,2024,2,37.29,0.05
1224,30508,2003,3,76.84,0.0
1225,30509,2028,3,114.37,0.0
1226,30509,2032,5,87.69,0.05
1227,30510,2005,3,359.23,0.15
1228,30511,2024,5,37.29,0.0
1229,30511,2030,4,300.56,0.15
1230,30511,2007,1,268.69,0.15
1231,30512,2008,4,73.07,0.05
1232,30512,2005,1,359.23,0.0
1233,30512,2034,2,196.39,0.2
1234,30512,2004,2,141.54,0.05
1235,30513,2020,5,277.71,0.0
1236,30513,2026,2,368.74,0.1
1237,30513,2012,1,115.04,0.1
1238,30513,2003,4,76.84,0.0
1239,30514,2016,2,187.01,0.0
1240,30515,2034,1,196.39,0.0
1241,30515,2009,5,80.95,0.0
1242,30515,2021,3,20.53,0.1
1243,30516,2011,1,71.73,0.15
1244,30516,2021,4,20.53,0.1
1245,30517,2009,1,80.95,0.0
1246,30518,2019,4,203.85,0.2
1247,30518,2029,1,323.45,0.1
1248,30519,2004,4,141.54,0.1
1249,30519,2018,2,148.89,0.05
1250,30520,2008,1,73.07,0.05
1251,30520,2033,3,151.34,0.05
1252,30520,2022,2,320.77,0.1
1253,30520,2035,5,249.21,0.0
1254,30521,2031,5,77.89,0.15
1255,30522,2008,1,73.07,0.1
1256,30522,2022,2,320.77,0.0
1257,30522,2020,1,277.71,0.1
1258,30522,2004,3,141.54,0.15
1259,30523,2016,3,187.01,0.1
1260,30523,2019,5,203.85,0.1
1261,30523,2009,1,80.95,0.1
1262,30524,2008,2,73.07,0.1
1263,30524,2033,1,151.34,0.0
1264,30524,2005,3,359.23,0.15
1265,30524,2018,1,148.89,0.2
1266,30525,2008,3,73.07,0.0
1267,30526,2005,3,359.23,0.0
1268,30526,2031,1,77.89,0.15
1269,30527,2016,1,187.01,0.0
1270,30528,2025,3,350.06,0.0
1271,30528,2029,4,323.45,0.1
1272,30528,2027,1,29.13,0.0
1273,30529,2005,4,359.23,0.0
1274,30529,2035,1,249.21,0.05
1275,30529,2009,1,80.95,0.0
1276,30529,2029,3,323.45,0.0
1277,30530,2034,3,196.39,0.1
1278,30531,2023,2,253.02,0.05
1279,30531,2023,3,253.02,0.0
1280,30531,2025,5,350.06,0.0
1281,30532,2022,1,320.77,0.05
1282,30532,2009,4,80.95,0.05
1283,30533,2022,3,320.77,0.1
1284,30533,2001,1,59.84,0.0
1285,30533,2013,5,74.92,0.0
1286,30533,2007,5,268.69,0.0
1287,30534,2009,1,80.95,0.0
1288,30534,2021,2,20.53,0.1
1289,30535,2015,5,52.65,0.1
1290,30536,2008,3,73.07,0.2
1291,30537,2026,2,368.74,0.1
1292,30537,2029,5,323.45,0.0
1293,30537,2023,3,253.02,0.0
1294,30537,2035,3,249.21,0.0
1295,30538,2018,3,148.89,0.0
1296,30538,2001,5,59.84,0.0
1297,30538,2031,3,77.89,0.15
1298,30539,2015,1,52.65,0.05
1299,30539,2026,4,368.74,0.0
1300,30539,2013,1,74.92,0.0
1301,30540,2027,4,29.13,0.1
1302,30540,2019,4,203.85,0.0
1303,30541,2031,1,77.89,0.0
1304,30541,2014,4,40.04,0.0
1305,30541,2010,5,21.14,0.0
1306,30542,2026,2,368.74,0.0
1307,30542,2013,3,74.92,0.05
1308,30543,2001,5,59.84,0.15
1309,30543,2011,1,71.73,0.15
1310,30543,2008,4,73.07,0.2
1311,30544,2026,2,368.74,0.0
1312,30545,2021,2,20.53,0.0
1313,30545,2028,4,114.37,0.0
1314,30546,2031,3,77.89,0.0
1315,30546,2002,1,258.15,0.0
1316,30547,2002,2,258.15,0.05
1317,30548,2012,1,115.04,0.1
1318,30549,2028,1,114.37,0.05
1319,30549,2022,1,320.77,0.15
1320,30549,2006,2,192.21,0.0
1321,30550,2008,5,73.07,0.0
1322,30550,2007,1,268.69,0.05
1323,30550,2022,3,320.77,0.0
1324,30551,2023,5,253.02,0.15
1325,30551,2029,5,323.45,0.0
1326,30551,2010,3,21.14,0.05
1327,30552,2035,5,249.21,0.05
1328,30552,2002,4,258.15,0.15
1329,30553,2007,3,268.69,0.15
1330,30553,2013,5,74.92,0.05
1331,30553,2019,5,203.85,0.0
1332,30553,2004,2,141.54,0.05
1333,30554,2035,4,249.21,0.15
1334,30554,2023,1,253.02,0.0
1335,30554,2024,5,37.29,0.2
1336,30554,2013,4,74.92,0.0
1337,30555,2028,4,114.37,0.15
1338,30555,2027,3,29.13,0.0
1339,30555,2018,1,148.89,0.0
1340,30556,2002,1,258.15,0.05
1341,30556,2032,2,87.69,0.0
1342,30556,2007,2,268.69,0.05
1343,30557,2030,4,300.56,0.2
1344,30557,2004,1,141.54,0.0
1345,30557,2020,2,277.71,0.1
1346,30558,2001,3,59.84,0.05
1347,30558,2017,1,86.5,0.05
1348,30559,2013,3,74.92,0.0
1349,30559,2013,3,74.92,0.15
1350,30560,2007,5,268.69,0.0
1351,30560,2030,2,300.56,0.1
1352,30561,2019,3,203.85,0.0
1353,30561,2013,1,74.92,0.15
1354,30561,2031,2,77.89,0.0
1355,30562,2006,4,192.21,0.2
1356,30562,2010,2,21.14,0.0
1357,30562,2009,2,80.95,0.1
1358,30562,2007,1,268.69,0.0
1359,30563,2002,5,258.15,0.05
1360,30564,2022,4,320.77,0.0
1361,30564,2006,2,192.21,0.0
1362,30564,2017,4,86.5,0.05
1363,30564,2013,3,74.92,0.0
1364,30565,2018,5,148.89,0.0
1365,30565,2027,3,29.13,0.0
1366,30565,2035,4,249.21,0.15
1367,30566,2009,4,80.95,0.0
1368,30566,2035,2,249.21,0.0
1369,30567,2023,5,253.02,0.0
1370,30567,2001,3,59.84,0.0
1371,30567,2016,1,187.01,0.1
1372,30568,2016,3,187.01,0.05
1373,30568,2011,3,71.73,0.0
1374,30568,2007,1,268.69,0.05
1375,30568,2009,5,80.95,0.0
1376,30569,2029,4,323.45,0.0
1377,30570,2012,4,115.04,0.0
1378,30570,2017,4,86.5,0.05
1379,30570,2027,5,29.13,0.1
1380,30571,2020,4,277.71,0.1
1381,30572,2015,1,52.65,0.0
1382,30573,2013,5,74.92,0.2
1383,30573,2015,2,52.65,0.05
1384,30573,2017,1,86.5,0.15
1385,30574,2030,4,300.56,0.1
1386,30575,2019,5,203.85,0.0
1387,30575,2019,2,203.85,0.05
1388,30575,2003,2,76.84,0.15
1389,30576,2030,3,300.56,0.0
1390,30576,2007,4,268.69,0.0
1391,30576,2004,5,141.54,0.0
1392,30577,2029,5,323.45,0.0
1393,30577,2026,5,368.74,0.2
1394,30577,2030,3,300.56,0.15
1395,30578,2007,5,268.69,0.0
1396,30578,2009,5,80.95,0.0
1397,30578,2013,5,74.92,
1398,30579,2027,4,29.13,0.0
1399,30579,2013,5,74.92,0.0
1400,30579,2008,5,73.07,0.0
1401,30580,2022,5,320.77,0.0
1402,30580,2002,2,258.15,0.0
1403,30581,2003,3,76.84,0.0
1404,30581,2020,1,277.71,0.1
1405,30582,2011,5,71.73,0.2
1406,30582,2023,4,253.02,0.1
1407,30583,2002,3,258.15,0.0
1408,30584,2004,1,141.54,0.05
1409,30584,2035,4,249.21,0.05
1410,30585,2008,2,73.07,0.1
1411,30585,2010,4,21.14,0.15
1412,30585,2010,3,21.14,0.0
1413,30586,2029,1,323.45,0.0
1414,30586,2034,5,196.39,0.0
1415,30587,2008,3,73.07,0.0
1416,30588,2029,1,323.45,0.1
1417,30588,2003,2,76.84,0.0
1418,30589,2010,3,21.14,0.2
1419,30589,2017,1,86.5,0.0
1420,30590,2026,3,368.74,0.0
1421,30590,2031,3,77.89,0.0
1422,30591,2019,1,203.85,0.1
1423,30591,2012,5,115.04,0.1
1424,30591,2006,4,192.21,0.05
1425,30591,2022,4,320.77,0.15
1426,30592,2004,3,141.54,0.15
1427,30592,2002,3,258.15,0.0
1428,30592,2016,1,187.01,0.0
1429,30592,2023,2,253.02,0.0
1430,30593,2026,2,368.74,0.1
1431,30594,2022,2,320.77,0.05
1432,30594,2015,2,52.65,0.0
1433,30594,2029,1,323.45,0.0
1434,30595,2009,2,80.95,0.0
1435,30596,2033,2,151.34,0.0
1436,30596,2022,5,320.77,0.0
1437,30596,2029,2,323.45,0.05
1438,30596,2029,3,323.45,0.0
1439,30597,2001,4,59.84,0.1
1440,30598,2012,1,115.04,0.0
1441,30598,2004,4,141.54,0.05
1442,30599,2002,2,258.15,0.1
1443,30599,2014,2,40.04,0.0
1444,30599,2017,4,86.5,0.0
1445,30600,2009,4,80.95,0.1
1446,30600,2025,2,350.06,0.2
1447,30600,2021,3,20.53,0.2
1448,30601,2025,5,350.06,0.0
1449,30601,2034,1,196.39,0.05
1450,30601,2005,5,359.23,0.1
1451,30601,2022,5,320.77,0.0
1452,30602,2009,5,80.95,0.05
1453,30603,2016,2,187.01,0.0
1454,30603,2010,1,21.14,0.1
1455,30604,2025,3,350.06,0.05
1456,30604,2004,3,141.54,0.2
1457,30605,2035,2,249.21,0.15
1458,30605,2006,3,192.21,0.05
1459,30605,2019,2,203.85,0.0
1460,30605,2017,3,86.5,0.0
1461,30606,2001,4,59.84,0.05
1462,30607,2019,4,203.85,0.15
1463,30607,2001,1,59.84,0.1
1464,30608,2024,1,37.29,0.15
1465,30609,2019,5,203.85,0.2
1466,30609,2012,1,115.04,0.05
1467,30609,2017,5,86.5,0.0
1468,30609,2010,4,21.14,0.0
1469,30610,2018,2,148.89,0.0
1470,30610,2016,5,187.01,0.0
1471,30611,2016,3,187.01,0.1
1472,30611,2035,1,249.21,0.15
1473,30611,2013,2,74.92,0.05
1474,30611,2017,1,86.5,0.0
1475,30612,2010,4,21.14,0.2
1476,30612,2016,5,187.01,0.15
1477,30613,2017,4,86.5,0.0
1478,30613,2019,2,203.85,0.2
1479,30613,2021,2,20.53,0.15
1480,30613,2034,5,196.39,0.15
1481,30614,2026,3,368.74,0.05
1482,30615,2015,3,52.65,0.05
1483,30615,2015,5,52.65,0.05
1484,30615,2029,5,323.45,0.1
1485,30616,2004,2,141.54,0.0
1486,30617,2024,2,37.29,0.0
1487,30617,2015,5,52.65,0.0
1488,30618,2003,3,76.84,0.1
1489,30619,2028,4,114.37,0.1
1490,30619,2033,2,151.34,0.0
1491,30619,2017,1,86.5,0.0
1492,30619,2031,3,77.89,0.1
1493,30620,2031,4,77.89,0.0
1494,30620,2010,4,21.14,0.0
1495,30620,2007,4,268.69,0.0
1496,30620,2014,3,40.04,0.0
1497,30621,2029,1,323.45,0.05
1498,30621,2010,3,21.14,0.0
1499,30622,2009,5,80.95,0.0
1500,30623,2024,1,37.29,0.0
1501,30624,2006,2,192.21,0.1
1502,30624,2012,5,115.04,0.0
1503,30624,2013,4,74.92,0.05
1504,30625,2020,2,277.71,0.1
1505,30625,2024,5,37.29,0.05
1506,30626,2012,2,115.04,0.05
1507,30626,2002,2,258.15,0.1
1508,30626,2009,5,80.95,0.0
1509,30626,2022,3,320.77,0.0
1510,30627,2003,2,76.84,0.2
1511,30627,2026,5,368.74,0.15
1512,30627,2003,2,76.84,0.15
1513,30628,2025,3,350.06,0.0
1514,30628,2027,4,29.13,0.0
1515,30628,2024,1,37.29,0.0
1516,30629,2019,5,203.85,0.0
1517,30629,2021,4,20.53,0.15
1518,30630,2006,5,192.21,0.1
1519,30630,2004,3,141.54,
1520,30630,2021,1,20.53,0.05
1521,30631,2027,2,29.13,0.2
1522,30631,2031,4,77.89,0.15
1523,30631,2034,4,196.39,0.0
1524,30631,2016,3,187.01,0.1
1525,30632,2017,4,86.5,0.1
1526,30632,2019,3,203.85,
1527,30633,2006,3,192.21,0.0
1528,30634,2024,1,37.29,0.0
1529,30634,2016,5,187.01,0.05
1530,30634,2034,4,196.39,0.0
1531,30634,2028,1,114.37,0.05
1532,30635,2001,5,59.84,0.0
1533,30635,2030,1,300.56,0.1
1534,30636,2030,2,300.56,0.0
1535,30636,2027,3,29.13,0.0
1536,30636,2018,5,148.89,0.0
1537,30637,2023,4,253.02,0.1
1538,30637,2031,4,77.89,0.05
1539,30637,2028,5,114.37,0.05
1540,30638,2007,5,268.69,0.0
1541,30638,2019,3,203.85,0.1
1542,30638,2009,3,80.95,0.05
1543,30639,2029,5,323.45,0.0
1544,30639,2026,5,368.74,0.0
1545,30639,2007,5,268.69,0.0
1546,30639,2023,4,253.02,0.0
1547,30640,2004,3,141.54,0.2
1548,30641,2023,3,253.02,0.0
1549,30641,2008,3,73.07,0.1
1550,30641,2003,5,76.84,0.0
1551,30642,2032,2,87.69,0.0
1552,30642,2005,5,359.23,0.0
1553,30642,2001,5,59.84,0.0
1554,30642,2011,5,71.73,0.0
1555,30643,2032,4,87.69,0.0
1556,30643,2003,4,76.84,0.0
1557,30643,2027,4,29.13,0.0
1558,30643,2027,5,29.13,0.0
1559,30644,2025,2,350.06,0.0
1560,30644,2033,1,151.34,0.1
1561,30644,2007,1,268.69,0.1
1562,30644,2013,1,74.92,0.15
1563,30645,2035,1,249.21,0.0
1564,30645,2029,5,323.45,0.15
1565,30645,2014,3,40.04,0.2
1566,30646,2027,3,29.13,0.0
1567,30647,2018,4,148.89,0.0
1568,30648,2029,2,323.45,0.05
1569,30648,2029,5,323.45,0.0
1570,30648,2009,4,80.95,0.1
1571,30648,2007,5,268.69,
1572,30649,2012,4,115.04,0.1
1573,30649,2017,5,86.5,0.15
1574,30650,2001,4,59.84,0.0
1575,30650,2024,5,37.29,0.0
1576,30650,2001,1,59.84,0.15
1577,30651,2015,2,52.65,0.05
1578,30651,2006,5,192.21,0.0
1579,30651,2022,5,320.77,0.15
1580,30652,2011,2,71.73,0.0
1581,30652,2021,2,20.53,0.0
1582,30652,2015,5,52.65,0.0
1583,30653,2021,5,20.53,0.0
1584,30653,2026,2,368.74,0.0
1585,30653,2009,3,80.95,0.1
1586,30653,2031,5,77.89,0.05
1587,30654,2015,5,52.65,0.0
1588,30654,2028,5,114.37,0.0
1589,30654,2020,2,277.71,0.15
1590,30655,2020,5,277.71,0.0
1591,30655,2024,3,37.29,0.05
1592,30655,2016,4,187.01,0.1
1593,30655,2023,4,253.02,0.0
1594,30656,2015,5,52.65,0.0
1595,30656,2021,2,20.53,0.05
1596,30656,2015,2,52.65,0.05
1597,30656,2027,5,29.13,0.05
1598,30657,2009,5,80.95,0.1
1599,30657,2007,5,268.69,0.15
1600,30657,2005,5,359.23,0.0
1601,30657,2028,1,114.37,0.0
1602,30658,2002,3,258.15,0.2
1603,30658,2006,3,192.21,0.0
1604,30658,2005,1,359.23,0.0
1605,30658,2026,2,368.74,0.1
1606,30659,2031,1,77.89,0.1
1607,30660,2023,2,253.02,0.1
1608,30660,2005,3,359.23,0.15
1609,30660,2003,4,76.84,0.05
1610,30661,2011,5,71.73,0.0
1611,30662,2001,3,59.84,0.0
1612,30663,2031,2,77.89,0.15
1613,30664,2008,4,73.07,0.0
1614,30664,2022,3,320.77,0.0
1615,30665,2010,4,21.14,0.0
1616,30666,2001,2,59.84,0.0
1617,30666,2014,4,40.04,0.1
1618,30666,2029,5,323.45,0.0
1619,30667,2028,1,114.37,0.2
1620,30667,2018,4,148.89,0.1
1621,30667,2032,5,87.69,0.0
1622,30667,2026,3,368.74,0.0
1623,30668,2022,5,320.77,0.0
1624,30668,2035,3,249.21,0.05
1625,30669,2010,3,21.14,0.05
1626,30669,2026,3,368.74,0.0
1627,30669,2032,5,87.69,0.05
1628,30670,2034,5,196.39,0.15
1629,30671,2012,5,115.04,0.0
1630,30672,2014,2,40.04,0.0
1631,30672,2004,4,141.54,0.0
1632,30672,2016,2,187.01,0.15
1633,30673,2019,3,203.85,0.0
1634,30673,2008,2,73.07,0.0
1635,30673,2029,2,323.45,0.1
1636,30674,2026,2,368.74,0.05
1637,30674,2002,3,258.15,0.0
1638,30674,2016,2,187.01,0.05
1639,30674,2017,4,86.5,0.0
1640,30675,2020,5,277.71,0.1
1641,30675,2011,1,71.73,0.0
1642,30675,2028,3,114.37,0.0
1643,30676,2034,1,196.39,0.0
1644,30676,2033,4,151.34,0.0
1645,30677,2010,1,21.14,0.0
1646,30677,2007,4,268.69,0.15
1647,30677,2012,3,115.04,0.0
1648,30677,2010,1,21.14,0.05
1649,30678,2013,3,74.92,0.15
1650,30678,2022,3,320.77,0.1
1651,30678,2034,4,196.39,0.0
1652,30678,2035,2,249.21,0.15
1653,30679,2033,4,151.34,0.1
1654,30679,2025,4,350.06,0.0
1655,30679,2021,2,20.53,0.0
1656,30680,2030,4,300.56,0.1
1657,30681,2024,2,37.29,0.0
1658,30681,2013,3,74.92,0.1
1659,30681,2008,4,73.07,0.0
1660,30682,2014,4,40.04,0.0
1661,30682,2008,5,73.07,0.05
1662,30682,2028,3,114.37,0.0
1663,30683,2015,2,52.65,0.1
1664,30683,2012,1,115.04,0.0
1665,30684,2005,3,359.23,0.15
1666,30684,2019,2,203.85,0.1
1667,30684,2017,4,86.5,0.2
1668,30685,2003,4,76.84,0.0
1669,30685,2025,5,350.06,0.1
1670,30686,2026,3,368.74,0.1
1671,30686,2001,5,59.84,0.0
1672,30686,2009,1,80.95,0.15
1673,30687,2022,4,320.77,0.05
1674,30687,2006,5,192.21,0.0
1675,30687,2005,1,359.23,0.0
1676,30688,2030,4,300.56,0.0
1677,30688,2029,3,323.45,0.0
1678,30689,2035,5,249.21,0.0
1679,30689,2005,1,359.23,0.05
1680,30689,2032,4,87.69,0.0
1681,30690,2002,4,258.15,0.05
1682,30690,2001,2,59.84,0.0
1683,30690,2019,4,203.85,0.0
1684,30690,2008,4,73.07,0.0
1685,30691,2034,4,196.39,0.05
1686,30692,2016,3,187.01,0.0
1687,30692,2033,1,151.34,0.1
1688,30692,2007,3,268.69,0.0
1689,30693,2022,2,320.77,0.0
1690,30693,2032,5,87.69,0.05
1691,30693,2024,1,37.29,0.05
1692,30693,2012,3,115.04,0.0
1693,30694,2013,5,74.92,0.1
1694,30694,2013,2,74.92,0.05
1695,30695,2025,2,350.06,0.0
1696,30696,2005,3,359.23,0.05
1697,30696,2032,5,87.69,0.0
1698,30697,2022,5,320.77,0.0
1699,30698,2024,4,37.29,0.0
1700,30699,2019,4,203.85,0.0
1701,30699,2030,3,300.56,0.1
1702,30699,2011,5,71.73,0.0
1703,30699,2003,4,76.84,0.05
1704,30700,2018,3,148.89,0.1
1705,30700,2012,2,115.04,0.0
1706,30700,2011,2,71.73,0.0
1707,30701,2031,5,77.89,0.1
1708,30701,2025,1,350.06,0.15
1709,30701,2015,4,52.65,0.1
1710,30702,2006,4,192.21,0.0
1711,30702,2004,4,141.54,0.0
1712,30703,2031,4,77.89,0.0
1713,30703,2009,1,80.95,0.0
1714,30703,2033,5,151.34,0.2
1715,30704,2002,5,258.15,0.0
1716,30705,2020,2,277.71,0.05
1717,30705,2014,5,40.04,0.05
1718,30705,2026,2,368.74,0.1
1719,30705,2014,2,40.04,0.0
1720,30706,2031,1,77.89,0.05
1721,30706,2032,4,87.69,0.0
1722,30707,2025,3,350.06,0.05
1723,30707,2016,1,187.01,0.0
1724,30707,2023,1,253.02,0.0
1725,30708,2012,5,115.04,0.0
1726,30708,2034,2,196.39,0.05
1727,30708,2008,5,73.07,0.1
1728,30708,2033,2,151.34,0.1
1729,30709,2035,5,249.21,0.15
1730,30709,2022,5,320.77,0.15
1731,30709,2028,2,114.37,0.05
1732,30709,2016,5,187.01,0.0
1733,30710,2007,5,268.69,0.15
1734,30710,2034,2,196.39,0.05
1735,30711,2023,4,253.02,0.0
1736,30711,2009,3,80.95,0.0
1737,30711,2025,1,350.06,0.05
1738,30711,2021,1,20.53,0.1
1739,30712,2022,3,320.77,0.05
1740,30712,2004,5,141.54,0.05
1741,30713,2030,5,300.56,0.0
1742,30713,2022,5,320.77,0.05
1743,30714,2009,1,80.95,0.1
1744,30714,2010,3,21.14,0.05
1745,30714,2012,4,115.04,0.1
1746,30714,2032,2,87.69,0.05
1747,30715,2001,5,59.84,0.0
1748,30715,2004,4,141.54,0.0
1749,30715,2012,5,115.04,0.0
1750,30716,2013,4,74.92,0.15
1751,30717,2015,4,52.65,0.1
1752,30718,2015,2,52.65,0.05
1753,30719,2020,1,277.71,0.0
1754,30719,2023,1,253.02,0.0
1755,30719,2014,1,40.04,0.0
1756,30719,2033,1,151.34,0.0
1757,30720,2006,3,192.21,0.05
1758,30720,2030,3,300.56,0.05
1759,30720,2019,3,203.85,0.0
1760,30721,2020,3,277.71,0.05
1761,30721,2034,4,196.39,0.1
1762,30721,2007,5,268.69,0.0
1763,30721,2026,2,368.74,0.0
1764,30722,2020,2,277.71,0.1
1765,30723,2017,5,86.5,0.05
1766,30723,2001,5,59.84,0.2
1767,30723,2002,4,258.15,0.05
1768,30723,2026,5,368.74,0.05
1769,30724,2026,2,368.74,0.15
1770,30724,2014,1,40.04,0.0
1771,30724,2032,3,87.69,0.15
1772,30724,2024,4,37.29,0.1
1773,30725,2006,2,192.21,0.0
1774,30725,2009,2,80.95,0.0
1775,30725,2029,5,323.45,0.0
1776,30725,2024,2,37.29,0.1
1777,30726,2015,1,52.65,0.0
1778,30726,2023,5,253.02,0.0
1779,30726,2001,2,59.84,0.1
1780,30727,2013,5,74.92,0.1
1781,30728,2021,4,20.53,0.0
1782,30728,2010,5,21.14,0.15
1783,30728,2023,4,253.02,0.1
1784,30729,2028,3,114.37,0.0
1785,30729,2023,2,253.02,0.15
1786,30730,2001,5,59.84,0.0
1787,30731,2029,4,323.45,0.05
1788,30731,2003,1,76.84,0.05
1789,30731,2024,4,37.29,0.2
1790,30731,2008,4,73.07,0.0
1791,30732,2030,1,300.56,0.15
1792,30733,2001,5,59.84,0.1
1793,30733,2026,4,368.74,0.0
1794,30733,2004,5,141.54,0.1
1795,30733,2010,4,21.14,0.05
1796,30734,2029,3,323.45,0.05
1797,30734,2010,2,21.14,0.05
1798,30735,2021,3,20.53,0.0
1799,30735,2002,2,258.15,0.1
1800,30736,2034,2,196.39,0.1
1801,30736,2004,5,141.54,0.0
1802,30737,2005,1,359.23,0.05
1803,30738,2034,1,196.39,0.0
1804,30739,2019,1,203.85,0.2
1805,30739,2029,2,323.45,0.15
1806,30740,2008,1,73.07,0.0
1807,30740,2007,5,268.69,0.0
1808,30740,2017,5,86.5,0.05
1809,30741,2026,3,368.74,0.15
1810,30742,2003,1,76.84,0.0
1811,30743,2026,1,368.74,0.05
1812,30744,2013,5,74.92,0.0
1813,30745,2025,4,350.06,0.0
1814,30746,2010,4,21.14,0.0
1815,30746,2006,3,192.21,0.1
1816,30746,2003,1,76.84,0.0
1817,30746,2015,4,52.65,0.05
1818,30747,2014,3,40.04,0.0
1819,30747,2003,3,76.84,0.0
1820,30747,2005,2,359.23,0.2
1821,30747,2013,3,74.92,0.05
1822,30748,2024,3,37.29,0.15
1823,30748,2035,4,249.21,0.05
1824,30748,2019,3,203.85,0.0
1825,30749,2012,3,115.04,0.1
1826,30749,2003,3,76.84,0.1
1827,30750,2003,2,76.84,0.1
1828,30750,2006,4,192.21,0.0
1829,30750,2027,5,29.13,0.0
1830,30751,2013,3,74.92,0.05
1831,30751,2028,5,114.37,0.0
1832,30752,2021,1,20.53,0.1
1833,30752,2023,4,253.02,0.0
1834,30752,2030,3,300.56,0.1
1835,30753,2019,3,203.85,0.1
1836,30753,2023,5,253.02,0.05
1837,30754,2010,1,21.14,0.0
1838,30754,2011,5,71.73,0.2
1839,30754,2014,2,40.04,0.0
1840,30755,2007,5,268.69,0.1
1841,30756,2017,4,86.5,0.0
1842,30756,2029,4,323.45,0.2
1843,30756,2010,1,21.14,0.1
1844,30756,2014,4,40.04,0.1
1845,30757,2013,2,74.92,0.05
1846,30757,2016,1,187.01,0.05
1847,30758,2003,4,76.84,0.0
1848,30758,2033,5,151.34,0.15
1849,30759,2032,2,87.69,0.0
1850,30759,2022,1,320.77,0.0
1851,30759,2004,5,141.54,0.0
1852,30759,2011,1,71.73,0.0
1853,30760,2024,5,37.29,0.0
1854,30760,2017,3,86.5,0.0
1855,30760,2018,3,148.89,0.15
1856,30760,2002,5,258.15,0.0
1857,30761,2017,3,86.5,0.0
1858,30761,2014,1,40.04,0.0
1859,30761,2029,1,323.45,0.0
1860,30762,2032,4,87.69,0.2
1861,30763,2006,3,192.21,0.05
1862,30763,2029,3,323.45,0.15
1863,30764,2003,2,76.84,0.0
1864,30764,2027,4,29.13,0.15
1865,30764,2016,3,187.01,0.0
1866,30764,2026,1,368.74,0.0
1867,30765,2009,4,80.95,0.05
1868,30766,2008,2,73.07,0.1
1869,30766,2027,3,29.13,0.05
1870,30767,2024,4,37.29,0.0
1871,30768,2002,5,258.15,0.1
1872,30768,2032,4,87.69,0.1
1873,30769,2013,4,74.92,0.0
1874,30769,2026,4,368.74,0.1
1875,30769,2027,2,29.13,0.0
1876,30769,2027,1,29.13,0.05
1877,30770,2007,2,268.69,0.0
1878,30771,2008,3,73.07,0.05
1879,30771,2007,5,268.69,0.2
1880,30771,2031,1,77.89,0.1
1881,30772,2027,1,29.13,0.0
1882,30772,2023,3,253.02,0.1
1883,30773,2003,4,76.84,0.0
1884,30773,2031,2,77.89,0.0
1885,30773,2030,1,300.56,0.05
1886,30774,2023,4,253.02,0.0
1887,30775,2020,1,277.71,0.0
1888,30776,2029,5,323.45,0.05
1889,30776,2002,5,258.15,0.0
1890,30776,2007,2,268.69,0.05
1891,30777,2013,1,74.92,0.1
1892,30778,2021,4,20.53,0.05
1893,30778,2020,2,277.71,0.0
1894,30778,2011,1,71.73,0.0
1895,30779,2020,4,277.71,0.0
1896,30779,2006,2,192.21,0.1
1897,30780,2023,4,253.02,0.0
1898,30780,2032,2,87.69,0.0
1899,30780,2014,4,40.04,0.1
1900,30780,2008,3,73.07,0.0
1901,30781,2010,1,21.14,0.1
1902,30782,2017,1,86.5,0.0
1903,30782,2026,5,368.74,0.0
1904,30782,2004,4,141.54,0.0
1905,30783,2009,3,80.95,0.1
1906,30784,2023,5,253.02,0.1
1907,30785,2033,4,151.34,0.15
1908,30785,2016,5,187.01,0.2
1909,30786,2001,1,59.84,0.0
1910,30786,2003,4,76.84,0.05
1911,30786,2013,3,74.92,0.0
1912,30787,2017,4,86.5,0.0
1913,30787,2020,5,277.71,0.0
1914,30787,2028,3,114.37,0.05
1915,30788,2002,3,258.15,0.2
1916,30789,2018,4,148.89,0.05
1917,30790,2015,2,52.65,0.0
1918,30790,2003,5,76.84,0.0
1919,30791,2013,2,74.92,0.1
1920,30791,2017,5,86.5,0.0
1921,30791,2010,5,21.14,0.1
1922,30792,2013,4,74.92,0.2
1923,30793,2027,5,29.13,0.0
1924,30793,2013,4,74.92,0.2
1925,30793,2002,5,258.15,0.0
1926,30793,2034,2,196.39,0.15
1927,30794,2029,3,323.45,0.0
1928,30795,2011,1,71.73,0.05
1929,30796,2003,5,76.84,0.0
1930,30797,2007,4,268.69,0.0
1931,30797,2018,4,148.89,0.0
1932,30797,2023,2,253.02,0.0
1933,30797,2019,1,203.85,
1934,30798,2030,2,300.56,0.0
1935,30798,2033,2,151.34,0.0
1936,30799,2005,2,359.23,0.05
1937,30799,2015,4,52.65,0.0
1938,30800,2012,5,115.04,0.05
1939,30800,2027,4,29.13,0.0
1940,30800,2026,2,368.74,0.15
1941,30801,2015,2,52.65,0.15
1942,30802,2002,1,258.15,0.0
1943,30802,2016,2,187.01,0.1
1944,30802,2017,2,86.5,0.0
1945,30803,2021,3,20.53,0.0
1946,30803,2021,5,20.53,0.2
1947,30804,2024,3,37.29,0.0
1948,30804,2022,5,320.77,0.05
1949,30805,2006,2,192.21,0.0
1950,30805,2023,2,253.02,0.0
1951,30805,2010,3,21.14,0.0
1952,30805,2009,4,80.95,0.1
1953,30806,2034,5,196.39,0.0
1954,30807,2004,3,141.54,0.0
1955,30807,2008,1,73.07,0.0
1956,30807,2028,3,114.37,0.2
1957,30808,2017,5,86.5,0.1
1958,30808,2026,1,368.74,0.15
1959,30809,2021,3,20.53,0.0
1960,30809,2013,5,74.92,0.0
1961,30809,2035,3,249.21,0.05
1962,30809,2022,1,320.77,0.0
1963,30810,2019,5,203.85,0.1
1964,30811,2011,5,71.73,0.0
1965,30811,2003,5,76.84,0.15
1966,30812,2019,2,203.85,0.1
1967,30813,2017,2,86.5,0.0
1968,30813,2023,2,253.02,0.05
1969,30813,2035,1,249.21,0.2
1970,30813,2029,5,323.45,0.05
1971,30814,2008,4,73.07,0.0
1972,30815,2015,5,52.65,0.15
1973,30815,2003,2,76.84,0.0
1974,30816,2010,4,21.14,
1975,30817,2024,1,37.29,0.1
1976,30818,2027,1,29.13,0.1
1977,30819,2019,3,203.85,
1978,30820,2013,3,74.92,0.0
1979,30820,2021,4,20.53,0.05
1980,30820,2030,3,300.56,0.05
1981,30821,2031,5,77.89,0.0
1982,30821,2014,4,40.04,0.0
1983,30822,2026,2,368.74,0.0
1984,30822,2014,3,40.04,0.0
1985,30822,2024,1,37.29,0.0
1986,30823,2013,2,74.92,0.1
1987,30823,2026,3,368.74,0.15
1988,30823,2004,4,141.54,0.0
1989,30824,2033,5,151.34,0.05
1990,30825,2011,3,71.73,0.0
1991,30825,2022,4,320.77,0.0
1992,30825,2010,5,21.14,0.0
1993,30825,2022,1,320.77,0.05
1994,30826,2013,2,74.92,0.0
1995,30826,2021,3,20.53,0.0
1996,30826,2025,3,350.06,0.1
1997,30826,2029,2,323.45,0.1
1998,30827,2008,5,73.07,0.2
1999,30828,2026,4,368.74,0.0
2000,30828,2011,3,71.73,0.15
2001,30828,2006,3,192.21,0.05
2002,30828,2023,3,253.02,0.0
2003,30829,2003,4,76.84,0.0
2004,30829,2031,1,77.89,0.1
2005,30829,2014,5,40.04,0.15
2006,30830,2004,2,141.54,0.0
2007,30830,2003,4,76.84,0.2
2008,30830,2019,2,203.85,0.0
2009,30830,2017,1,86.5,0.05
2010,30831,2009,4,80.95,0.05
2011,30832,2002,3,258.15,0.0
2012,30832,2032,5,87.69,0.2
2013,30832,2035,2,249.21,0.1
2014,30833,2019,2,203.85,0.05
2015,30833,2017,5,86.5,0.0
2016,30834,2020,5,277.71,0.0
2017,30834,2020,1,277.71,0.0
2018,30835,2008,1,73.07,0.0
2019,30835,2009,4,80.95,0.05
2020,30835,2002,5,258.15,0.0
2021,30836,2001,4,59.84,0.05
2022,30836,2035,4,249.21,0.0
2023,30836,2009,4,80.95,0.0
2024,30836,2025,4,350.06,0.0
2025,30837,2007,2,268.69,0.05
2026,30837,2014,2,40.04,0.0
2027,30837,2027,2,29.13,0.15
2028,30838,2012,1,115.04,0.0
2029,30838,2004,2,141.54,0.0
2030,30838,2032,5,87.69,0.1
2031,30839,2016,3,187.01,0.2
2032,30839,2018,2,148.89,0.05
2033,30840,2001,2,59.84,0.0
2034,30840,2028,1,114.37,0.05
2035,30840,2022,5,320.77,0.0
2036,30840,2013,1,74.92,0.1
2037,30841,2022,3,320.77,0.1
2038,30842,2012,4,115.04,0.0
2039,30842,2017,1,86.5,0.0
2040,30843,2028,1,114.37,0.2
2041,30843,2012,5,115.04,0.0
2042,30843,2008,5,73.07,0.0
2043,30844,2033,1,151.34,0.05
2044,30845,2014,5,40.04,0.0
2045,30845,2013,5,74.92,0.0
2046,30846,2018,1,148.89,0.0
2047,30846,2032,2,87.69,0.0
2048,30846,2023,1,253.02,0.0
2049,30846,2011,1,71.73,0.1
2050,30847,2017,2,86.5,0.05
2051,30847,2022,5,320.77,0.0
2052,30848,2016,5,187.01,0.15
2053,30848,2023,5,253.02,0.0
2054,30848,2018,3,148.89,0.1
2055,30849,2016,5,187.01,0.1
2056,30849,2009,2,80.95,0.1
2057,30849,2013,5,74.92,0.0
2058,30849,2014,3,40.04,
2059,30850,2032,3,87.69,0.15
2060,30850,2016,4,187.01,0.0
2061,30851,2017,3,86.5,0.0
2062,30851,2034,4,196.39,0.0
2063,30851,2015,2,52.65,0.0
2064,30852,2021,1,20.53,0.05
2065,30853,2027,3,29.13,0.05
2066,30854,2001,1,59.84,0.1
2067,30854,2033,1,151.34,0.2
2068,30855,2023,4,253.02,0.0
2069,30855,2015,2,52.65,0.0
2070,30856,2016,5,187.01,0.05
2071,30857,2029,4,323.45,0.0
2072,30857,2020,5,277.71,0.0
2073,30857,2034,4,196.39,0.0
2074,30857,2030,2,300.56,0.05
2075,30858,2020,2,277.71,0.0
2076,30858,2020,3,277.71,0.1
2077,30859,2023,5,253.02,0.1
2078,30860,2018,1,148.89,0.1
2079,30860,2010,2,21.14,0.0
2080,30860,2028,4,114.37,0.1
2081,30861,2002,5,258.15,0.0
2082,30861,2011,2,71.73,0.2
2083,30862,2015,1,52.65,0.0
2084,30862,2020,2,277.71,0.0
2085,30863,2022,3,320.77,0.0
2086,30864,2028,1,114.37,0.15
2087,30864,2035,1,249.21,0.05
2088,30864,2017,2,86.5,0.0
2089,30864,2006,4,192.21,0.1
2090,30865,2024,1,37.29,0.2
2091,30865,2032,4,87.69,0.0
2092,30866,2014,3,40.04,0.0
2093,30866,2031,1,77.89,0.15
2094,30866,2019,4,203.85,0.0
2095,30866,2011,4,71.73,0.05
2096,30867,2034,3,196.39,0.05
2097,30867,2021,2,20.53,0.0
2098,30868,2008,4,73.07,0.0
2099,30868,2034,3,196.39,0.0
2100,30868,2013,4,74.92,0.05
2101,30868,2022,1,320.77,0.05
2102,30869,2002,5,258.15,0.15
2103,30869,2026,4,368.74,0.0
2104,30869,2005,1,359.23,0.1
2105,30870,2008,5,73.07,0.2
2106,30871,2003,2,76.84,0.05
2107,30872,2008,5,73.07,0.0
2108,30872,2028,3,114.37,0.2
2109,30872,2016,5,187.01,0.0
2110,30873,2020,4,277.71,0.0
2111,30874,2034,3,196.39,0.0
2112,30875,2018,4,148.89,0.0
2113,30876,2008,3,73.07,0.0
2114,30876,2013,4,74.92,0.1
2115,30877,2035,3,249.21,0.2
2116,30877,2006,4,192.21,0.2
2117,30878,2034,3,196.39,0.05
2118,30878,2033,2,151.34,0.05
2119,30878,2025,4,350.06,0.05
2120,30879,2031,1,77.89,0.0
2121,30879,2017,4,86.5,0.0
2122,30879,2009,3,80.95,0.1
2123,30880,2010,1,21.14,0.0
2124,30881,2017,2,86.5,0.2
2125,30881,2034,5,196.39,0.0
2126,30881,2020,4,277.71,0.05
2127,30881,2035,3,249.21,0.05
2128,30882,2017,5,86.5,0.0
2129,30882,2023,3,253.02,0.05
2130,30883,2018,3,148.89,0.0
2131,30883,2028,3,114.37,0.2
2132,30884,2022,3,320.77,0.0
2133,30884,2013,2,74.92,0.15
2134,30884,2028,2,114.37,0.0
2135,30884,2004,1,141.54,0.0
2136,30885,2031,2,77.89,0.0
2137,30885,2008,5,73.07,0.0
2138,30885,2029,4,323.45,0.1
2139,30885,2027,1,29.13,0.15
2140,30886,2018,5,148.89,0.0
2141,30887,2024,4,37.29,0.0
2142,30887,2016,3,187.01,0.15
2143,30887,2035,4,249.21,0.1
2144,30887,2018,4,148.89,0.0
2145,30888,2015,1,52.65,0.0
2146,30888,2008,1,73.07,0.05
2147,30889,2009,1,80.95,0.0
2148,30889,2030,3,300.56,0.0
2149,30889,2007,2,268.69,0.0
2150,30890,2002,3,258.15,0.0
2151,30890,2010,4,21.14,0.0
2152,30891,2004,3,141.54,0.15
2153,30891,2031,1,77.89,0.0
2154,30892,2021,1,20.53,0.0
2155,30892,2008,4,73.07,0.0
2156,30893,2021,3,20.53,0.0
2157,30893,2035,4,249.21,0.15
2158,30893,2005,4,359.23,0.0
2159,30894,2016,5,187.01,0.05
2160,30894,2023,1,253.02,0.0
2161,30894,2008,2,73.07,0.15
2162,30895,2023,5,253.02,0.05
2163,30895,2020,1,277.71,0.1
2164,30896,2023,2,253.02,0.1
2165,30896,2029,5,323.45,0.15
2166,30896,2029,2,323.45,0.1
2167,30897,2001,4,59.84,0.0
2168,30897,2021,5,20.53,0.05
2169,30897,2035,4,249.21,0.05
2170,30898,2018,1,148.89,0.0
2171,30898,2007,4,268.69,0.0
2172,30898,2031,4,77.89,0.0
2173,30899,2006,1,192.21,0.2
2174,30899,2020,2,277.71,0.1
2175,30899,2013,1,74.92,0.0
2176,30900,2021,1,20.53,0.15
2177,30900,2034,4,196.39,0.05
283,30115,2018,5,148.89,0.1
480,30200,2034,5,196.39,0.0
1308,30543,2001,5,59.84,0.15
1255,30522,2008,1,73.07,0.1
508,30210,2020,1,277.71,0.15
496,30206,2009,4,80.95,0.0
417,30174,2015,5,52.65,0.05
2009,30830,2017,1,86.5,0.05
1728,30708,2033,2,151.34,0.1
1717,30705,2014,5,40.04,0.05
